air_date,weekday,start_hhmm,time_slot,channel,channel_type,brand,product_name,category,price,url
2026-08-19,수,03:00,새벽 03-06,NS홈쇼핑,TV홈쇼핑,일월,일월 시그니처 워셔블카본매트 싱글+더블,기타,276000,https://m.nsmall.com/gate?ptnCd=539&hsmoa_userid=&target=/goods/35418660&hsmoa_code=moa
2026-08-19,수,03:00,새벽 03-06,롯데홈쇼핑,TV홈쇼핑,[No brand names found.],◎ 26FW 핀턱 니팅 데님팬츠 2종,패션의류,69900,https://m.lotteimall.com/coop/affilGate.lotte?chl_no=171634&chl_dtl_no=2584694&returnUrl=/goods/viewGoodsDetail.lotte?goods_no=12918512&hsmoa_userid=&hsmoa_code=moa
2026-08-19,수,03:00,새벽 03-06,현대홈쇼핑,TV홈쇼핑,뉴트리케이,[방송에서만]뉴트리케이 두뇌엔포커스 PS 80(8+4박스. 총 12박스),기타,219000,https://www.hmall.com/md/pda/itemPtc?utm_source=homemoadata&utm_medium=cps&utm_campaign=sale&ReferCode=s61&slitmCd=2243656464&hsmoa_userid=&hsmoa_code=moa
2026-08-19,수,03:00,새벽 03-06,CJ온스타일,TV홈쇼핑,종근당건강,아보카도오일 250ml*10병,식품,215600,https://display.cjonstyle.com/m/item/2075074503?infl_cd=I0101&utm_medium=pcs&utm_source=hsmoa&hsmoa_userid=&hsmoa_code=moa
2026-08-19,수,03:05,새벽 03-06,롯데홈쇼핑,TV홈쇼핑,No brand names found.,◎26 NEW시그니처 이태리 램스킨 볼륨자켓,패션의류,219000,https://m.lotteimall.com/coop/affilGate.lotte?chl_no=171634&chl_dtl_no=2584694&returnUrl=/goods/viewGoodsDetail.lotte?goods_no=12919327&hsmoa_userid=&hsmoa_code=moa
2026-08-19,수,03:05,새벽 03-06,CJ온스타일,TV홈쇼핑,유러피안 데일리,"유러피안데일리베지믹스 230g x 12봉 냉동야채믹스(미니양배추,베이비캐럿,화이트컬리플라워,브로콜리,그린빈,병아리콩)",식품,70900,https://display.cjonstyle.com/m/item/2091320090?infl_cd=I0482&utm_medium=pcs&utm_source=hsmoa&channelCode=30002002&chn_cd=30002002&hsmoa_userid=&hsmoa_code=moa
2026-08-19,수,03:10,새벽 03-06,롯데홈쇼핑,TV홈쇼핑,[No brand names found.],● 26FW 핀턱 니팅 데님팬츠 2종,패션의류,69900,https://m.lotteimall.com/coop/affilGate.lotte?chl_no=171634&chl_dtl_no=2584694&returnUrl=/goods/viewGoodsDetail.lotte?goods_no=12918511&hsmoa_userid=&hsmoa_code=moa
2026-08-19,수,03:10,새벽 03-06,현대홈쇼핑,TV홈쇼핑,샐마,샐마 마카롱EZ 점보 TPU도마 풀세트(방송에서만 조리도구 타워 포함),생활용품,89000,https://www.hmall.com/md/pda/itemPtc?utm_source=homemoatv&utm_medium=cps&utm_campaign=sale&ReferCode=s60&slitmCd=2248998340&hsmoa_userid=&hsmoa_code=moa
2026-08-19,수,03:10,새벽 03-06,GS샵,TV홈쇼핑,Döhler,GS단독 프리미엄 돌러 마차라떼 프로틴 180포 에 방송중에만 22포 더 총 202포,건강기능식품,399000,https://m.gsshop.com/alia/aliaGate.gs?media=LUz&gourl=/prd/prd.gs?prdid=1121776589&hsmoa_userid=&hsmoa_code=moa&utm_source=nscreen&utm_medium=affiliate&utm_campaign=homeshopmoa
2026-08-19,수,03:12,새벽 03-06,GS샵,TV홈쇼핑,브루마스,브루마스 26FW 최신상 울 워킹화 여성 (울98%),기타,59800,https://m.gsshop.com/alia/aliaGate.gs?media=LVA&gourl=/prd/prd.gs?prdid=1133072227&hsmoa_userid=&hsmoa_code=moa&utm_source=nscreen&utm_medium=affiliate&utm_campaign=homeshopmoa
2026-08-19,수,03:15,새벽 03-06,롯데홈쇼핑,TV홈쇼핑,No brand names found.,●26 NEW시그니처 이태리 램스킨 볼륨자켓,패션의류,219000,https://m.lotteimall.com/coop/affilGate.lotte?chl_no=171634&chl_dtl_no=2584694&returnUrl=/goods/viewGoodsDetail.lotte?goods_no=12919325&hsmoa_userid=&hsmoa_code=moa
2026-08-19,수,03:15,새벽 03-06,CJ온스타일,TV홈쇼핑,디오브르,[디오브르by셀렙샵/10%]26FW 크레이프 사브리나 텐션팬츠+벨트,패션의류,79900,https://display.cjonstyle.com/m/item/2090666532?infl_cd=I0482&utm_medium=pcs&utm_source=hsmoa&channelCode=30002002&chn_cd=30002002&hsmoa_userid=&hsmoa_code=moa
2026-08-19,수,03:17,새벽 03-06,GS샵,TV홈쇼핑,모르간,모르간 26FW FAUX 스웨이드셔츠,패션의류,69900,https://m.gsshop.com/alia/aliaGate.gs?media=LVA&gourl=/prd/prd.gs?prdid=1124125531&hsmoa_userid=&hsmoa_code=moa&utm_source=nscreen&utm_medium=affiliate&utm_campaign=homeshopmoa
2026-08-19,수,03:20,새벽 03-06,NS홈쇼핑,TV홈쇼핑,[No brand names found.],코지마 목어깨마사지기,기타,198000,https://m.nsmall.com/gate?ptnCd=539&hsmoa_userid=&target=/goods/36045473&hsmoa_code=moa
2026-08-19,수,03:20,새벽 03-06,NS홈쇼핑,TV홈쇼핑,[No brand names found.],신라온돌흙침대 예가 가드형 카우치소파+리프트업테이블+도자기 12P,가구인테리어,1399000,https://m.nsmall.com/gate?ptnCd=538&hsmoa_userid=&target=/goods/36000441&hsmoa_code=moa
2026-08-19,수,03:20,새벽 03-06,롯데홈쇼핑,TV홈쇼핑,[No brand names found.],○ 26FW 핀턱 니팅 데님팬츠 2종,패션의류,69900,https://m.lotteimall.com/coop/affilGate.lotte?chl_no=171634&chl_dtl_no=2584694&returnUrl=/goods/viewGoodsDetail.lotte?goods_no=12918113&hsmoa_userid=&hsmoa_code=moa
2026-08-19,수,03:20,새벽 03-06,홈앤쇼핑,TV홈쇼핑,드 모아,(방송에서만세트구매가능)드모아 에어웹 W 필로우 베개 총 3세트,침구,169000,http://m.hnsmall.com/goods/view/81688061?channel_code=20397&utm_source=Hsmoa&utm_medium=AF&utm_campaign=TV_None_81688061&hsmoa_userid=&hsmoa_code=moa
2026-08-19,수,03:25,새벽 03-06,롯데홈쇼핑,TV홈쇼핑,No brand names found.,○26 NEW시그니처 이태리 램스킨 볼륨자켓,패션의류,219000,https://m.lotteimall.com/coop/affilGate.lotte?chl_no=171634&chl_dtl_no=2584694&returnUrl=/goods/viewGoodsDetail.lotte?goods_no=12919324&hsmoa_userid=&hsmoa_code=moa
2026-08-19,수,03:25,새벽 03-06,CJ온스타일,TV홈쇼핑,락포트,[미리주문10%][공식정품] NEW 새틴 메리제인 스니커즈,패션잡화,149000,https://display.cjonstyle.com/m/item/2089145922?infl_cd=I0482&utm_medium=pcs&utm_source=hsmoa&chn_cd=30002002&hsmoa_userid=&hsmoa_code=moa
2026-08-19,수,03:27,새벽 03-06,GS샵,TV홈쇼핑,브루마스,브루마스 26FW 최신상 울 워킹화 여성 (울98%),기타,59800,https://m.gsshop.com/alia/aliaGate.gs?media=LVA&gourl=/prd/prd.gs?prdid=1133072227&hsmoa_userid=&hsmoa_code=moa&utm_source=nscreen&utm_medium=affiliate&utm_campaign=homeshopmoa
2026-08-19,수,03:30,새벽 03-06,롯데홈쇼핑,TV홈쇼핑,아임고트,뉴질랜드 프리미엄 산양유 12박스,건강기능식품,396000,https://m.lotteimall.com/coop/affilGate.lotte?chl_no=171633&chl_dtl_no=2584697&returnUrl=/goods/viewGoodsDetail.lotte?goods_no=12893279&hsmoa_userid=&hsmoa_code=moa
2026-08-19,수,03:30,새벽 03-06,GS샵,TV홈쇼핑,폴햄,폴햄 26SS 썸머 우븐 원피스 2종,패션의류,59900,https://m.gsshop.com/alia/aliaGate.gs?media=LUz&gourl=/prd/prd.gs?prdid=1116254031&hsmoa_userid=&hsmoa_code=moa&utm_source=nscreen&utm_medium=affiliate&utm_campaign=homeshopmoa
2026-08-19,수,03:30,새벽 03-06,CJ온스타일,TV홈쇼핑,비비안,[Barbara] 2026년 최신상 앙쥬 퓨징 브라팬티 V27,패션의류,129900,https://display.cjonstyle.com/m/item/2076682971?infl_cd=I0101&utm_medium=pcs&utm_source=hsmoa&hsmoa_userid=&hsmoa_code=moa
2026-08-19,수,03:32,새벽 03-06,GS샵,TV홈쇼핑,라비엘라,[라비엘라] 콜라겐 아이크림 11통 + 부스터 프라임,건강기능식품,69900,https://m.gsshop.com/alia/aliaGate.gs?media=LVA&gourl=/prd/prd.gs?prdid=1067229765&hsmoa_userid=&hsmoa_code=moa&utm_source=nscreen&utm_medium=affiliate&utm_campaign=homeshopmoa
2026-08-19,수,03:34,새벽 03-06,K쇼핑,T커머스,[No brand names found.],[HEAD]헤드 26SS 여성 썸머 밸런스 워킹화,기타,59800,http://m.kshop.co.kr/display/mc/product/8874552?with_code=100315&utm_source=hsmoa_ep&utm_medium=cps&utm_campaign=prd_01_%ED%8C%A8%EC%85%98%EC%8A%88%EC%A6%88/%EC%9E%A1%ED%99%94_8874552&utm_content=mo_schedule&hsmoa_userid=&hsmoa_code=moa
2026-08-19,수,03:35,새벽 03-06,CJ온스타일,TV홈쇼핑,유러피안 데일리,"유러피안데일리베지믹스 230g x 12봉 냉동야채믹스(미니양배추,베이비캐럿,화이트컬리플라워,브로콜리,그린빈,병아리콩)",식품,70900,https://display.cjonstyle.com/m/item/2091320090?infl_cd=I0482&utm_medium=pcs&utm_source=hsmoa&channelCode=30002002&chn_cd=30002002&hsmoa_userid=&hsmoa_code=moa
2026-08-19,수,03:37,새벽 03-06,쇼핑엔티,T커머스,안국약품,안국약품 토비콤 루테인 지아잔틴 아스타잔틴 12개월분,건강기능식품,298000,https://m.shoppingntmall.com/display/goods/23539693?mediaCode=SH04&hsmoa_userid=&hsmoa_code=moa
2026-08-19,수,03:39,새벽 03-06,ssgshop,미분류,보랄,"[삼성카드, 할인](방송에서만) NEW 보랄 쿡앤킵 에어프라이어 (BR-X150AF)",가전,159000,https://m.shinsegaetvshopping.com/display/detail/20071126?inMediaCode=MC02&ckwhere=hsmser&hsmoa_userid=&hsmoa_code=moa
2026-08-19,수,03:39,새벽 03-06,K쇼핑,T커머스,[No brand names found.],아이넥스 홈그린 프리미엄 빨래건조대,생활용품,338000,http://m.kshop.co.kr/display/mc/product/8964700?with_code=100315&utm_source=hsmoa_ep&utm_medium=cps&utm_campaign=prd_01_%EC%A3%BC%EB%B0%A9/%EC%83%9D%ED%99%9C/%EC%95%A0%EA%B2%AC_8964700&utm_content=mo_schedule&hsmoa_userid=&hsmoa_code=moa
2026-08-19,수,03:40,새벽 03-06,NS홈쇼핑,TV홈쇼핑,키리아타올,키리아타올 프리미엄 코마사 호텔수건 총 10장 (솔리드X8+체스+엣지),여행서비스,39900,https://m.nsmall.com/gate?ptnCd=539&hsmoa_userid=&target=/goods/35753741&hsmoa_code=moa
2026-08-19,수,03:40,새벽 03-06,현대홈쇼핑,TV홈쇼핑,셀게이트,[프리메로] 유기농 엑스트라버진 올리브오일 8박스 (총 112포),기타,158000,https://www.hmall.com/md/pda/itemPtc?utm_source=homemoatv&utm_medium=cps&utm_campaign=sale&ReferCode=dm1&slitmCd=2238388776
2026-08-19,수,03:40,새벽 03-06,현대홈쇼핑,TV홈쇼핑,에버홈,[요즘대세][최신상]에버홈 진공 스팀다리미PRO(방송에서만 전용행거스탠드포함),가구인테리어,149000,https://www.hmall.com/md/pda/itemPtc?utm_source=homemoatv&utm_medium=cps&utm_campaign=sale&ReferCode=s60&slitmCd=2252370705&hsmoa_userid=&hsmoa_code=moa
2026-08-19,수,03:45,새벽 03-06,CJ온스타일,TV홈쇼핑,디오브르,[디오브르by셀렙샵/10%]26FW 크레이프 사브리나 텐션팬츠+벨트,패션의류,79900,https://display.cjonstyle.com/m/item/2090666532?infl_cd=I0482&utm_medium=pcs&utm_source=hsmoa&channelCode=30002002&chn_cd=30002002&hsmoa_userid=&hsmoa_code=moa
2026-08-19,수,03:50,새벽 03-06,롯데홈쇼핑,TV홈쇼핑,No brand names found.,○혼합세트○NEW 빅핸들 316 텀블러 2종(피코크그린 600ml+아이보리 800ml),생활용품,79000,https://m.lotteimall.com/coop/affilGate.lotte?chl_no=171633&chl_dtl_no=2584697&returnUrl=/goods/viewGoodsDetail.lotte?goods_no=12915585&hsmoa_userid=&hsmoa_code=moa
2026-08-19,수,03:53,새벽 03-06,GS샵,TV홈쇼핑,락앤락,[방송에서만 더블세트] 락앤락 스마트킵 프래쉬 신선밀폐용기 22종,생활용품,69800,https://m.gsshop.com/alia/aliaGate.gs?media=LVA&gourl=/prd/prd.gs?prdid=1081719360&hsmoa_userid=&hsmoa_code=moa&utm_source=nscreen&utm_medium=affiliate&utm_campaign=homeshopmoa
2026-08-19,수,03:54,새벽 03-06,W쇼핑,T커머스,그레인온,골드 카무트 브랜드밀 효소 30포 12박스 +파로 5팩+ 파로 누룽지 1박스(10봉),기타,396000,https://m.w-shopping.co.kr/display/goods/24716875?mediaCode=MC04&hsmoa_userid=
2026-08-19,수,03:55,새벽 03-06,CJ온스타일,TV홈쇼핑,락포트,[미리주문10%][공식정품] NEW 새틴 메리제인 스니커즈,패션잡화,149000,https://display.cjonstyle.com/m/item/2089145922?infl_cd=I0482&utm_medium=pcs&utm_source=hsmoa&chn_cd=30002002&hsmoa_userid=&hsmoa_code=moa
2026-08-19,수,03:57,새벽 03-06,쇼핑엔티,T커머스,보넬드,[보넬드] 아이엠 당근 주스 12병,식품,198000,https://m.shoppingntmall.com/display/goods/27977344?mediaCode=SH04&hsmoa_userid=&hsmoa_code=moa
2026-08-19,수,04:00,새벽 03-06,NS홈쇼핑,TV홈쇼핑,[No brand names found.],현미보리 칼국수 12개(현미 6개+보리 6개),식품,29900,https://m.nsmall.com/gate?ptnCd=538&hsmoa_userid=&target=/goods/36059772&hsmoa_code=moa
2026-08-19,수,04:00,새벽 03-06,롯데홈쇼핑,TV홈쇼핑,프리메로,☆[10박스]프리메로 NFC 유기농 레몬즙 (1박스: 20g x 14포),식품,165000,https://m.lotteimall.com/coop/affilGate.lotte?chl_no=171634&chl_dtl_no=2584694&returnUrl=/goods/viewGoodsDetail.lotte?goods_no=12914540&hsmoa_userid=&hsmoa_code=moa
2026-08-19,수,04:00,새벽 03-06,현대홈쇼핑,TV홈쇼핑,오로와,[오로와] 창문형 로봇청소기 4세대,가전,369000,https://www.hmall.com/md/pda/itemPtc?utm_source=homemoadata&utm_medium=cps&utm_campaign=sale&ReferCode=s61&slitmCd=2234310109&hsmoa_userid=&hsmoa_code=moa
2026-08-19,수,04:00,새벽 03-06,GS샵,TV홈쇼핑,어바웃코지,어바웃코지 냉감패드세트 SK 슈퍼킹 (냉감패드2+냉감베개커버2),침구,79900,https://m.gsshop.com/alia/aliaGate.gs?media=LUz&gourl=/prd/prd.gs?prdid=1118637670&hsmoa_userid=&hsmoa_code=moa&utm_source=nscreen&utm_medium=affiliate&utm_campaign=homeshopmoa
2026-08-19,수,04:00,새벽 03-06,CJ온스타일,TV홈쇼핑,셀렙샵에디션,"[최초가79,900]모헤어 그라데이션 풀오버",기타,39900,https://display.cjonstyle.com/m/item/2062557241?infl_cd=I0101&utm_medium=pcs&utm_source=hsmoa&hsmoa_userid=&hsmoa_code=moa
2026-08-19,수,04:05,새벽 03-06,CJ온스타일,TV홈쇼핑,유러피안 데일리,"유러피안데일리베지믹스 230g x 12봉 냉동야채믹스(미니양배추,베이비캐럿,화이트컬리플라워,브로콜리,그린빈,병아리콩)",식품,70900,https://display.cjonstyle.com/m/item/2091320090?infl_cd=I0482&utm_medium=pcs&utm_source=hsmoa&channelCode=30002002&chn_cd=30002002&hsmoa_userid=&hsmoa_code=moa
2026-08-19,수,04:10,새벽 03-06,롯데홈쇼핑,TV홈쇼핑,신영와코루,신영와코루 메모리업 웹서포트 브라팬티 5세트,패션의류,89900,https://m.lotteimall.com/coop/affilGate.lotte?chl_no=171633&chl_dtl_no=2584697&returnUrl=/goods/viewGoodsDetail.lotte?goods_no=12901474&hsmoa_userid=&hsmoa_code=moa
2026-08-19,수,04:10,새벽 03-06,공영쇼핑,TV홈쇼핑,[No brand names found.],"몬타 요술 양면 테이프 4종×2세트, 총 36개",기타,39800,http://m.gongyoungshop.kr/gate/selectAliance.do?alcLnkCd=hsmoa&tgUrl=/goods/selectGoodsDetail.do?prdId=11945752
2026-08-19,수,04:11,새벽 03-06,bshop,미분류,메디니스,[메디니스] ★[방송에서만 이가격/의료기기]★ 거북목 및 목디스크 치료기,기타,398000,http://m.skstoa.com/display/goods/64862818?orderMedia=62&mediaCode=EP08&mediaTarget=001&utm_source=hsmoa&utm_medium=affiliate&utm_campaign=hsmoaoffair&hsmoa_userid=&hsmoa_code=moa
2026-08-19,수,04:13,새벽 03-06,GS샵,TV홈쇼핑,브루마스,브루마스 26SS 내추럴 웨지샌들,패션잡화,39800,https://m.gsshop.com/alia/aliaGate.gs?media=LVA&gourl=/prd/prd.gs?prdid=1116877762&hsmoa_userid=&hsmoa_code=moa&utm_source=nscreen&utm_medium=affiliate&utm_campaign=homeshopmoa
2026-08-19,수,04:14,새벽 03-06,W쇼핑,T커머스,뉴트리디데이,[50%세일] 뉴트리디데이 시그니처 콜라겐 비오틴 8박스 (16개월),건강기능식품,98000,https://m.w-shopping.co.kr/display/goods/22224604?mediaCode=MC04&hsmoa_userid=
2026-08-19,수,04:15,새벽 03-06,CJ온스타일,TV홈쇼핑,디오브르,[디오브르by셀렙샵/10%]26FW 크레이프 사브리나 텐션팬츠+벨트,패션의류,79900,https://display.cjonstyle.com/m/item/2090666532?infl_cd=I0482&utm_medium=pcs&utm_source=hsmoa&channelCode=30002002&chn_cd=30002002&hsmoa_userid=&hsmoa_code=moa
2026-08-19,수,04:17,새벽 03-06,쇼핑엔티,T커머스,닥터린,닥터린 콘드로이친1200 콘레이티+MBP +K2 12개월분,기타,329000,https://m.shoppingntmall.com/display/goods/19234765?mediaCode=SH04&hsmoa_userid=&hsmoa_code=moa
2026-08-19,수,04:19,새벽 03-06,ssgshop,미분류,한끼 든든,[삼성카드][방송에서만] 한끼든든 장어탕 350g x 8팩 + 1팩 더 (총 9팩),식품,49900,https://m.shinsegaetvshopping.com/display/detail/1001634925?inMediaCode=MC02&ckwhere=hsmser&hsmoa_userid=&hsmoa_code=moa
2026-08-19,수,04:20,새벽 03-06,홈앤쇼핑,TV홈쇼핑,칸,프리미엄 수제 칸 한우육포 30g x 15개,식품,32900,http://m.hnsmall.com/goods/view/81176752?channel_code=20397&utm_source=Hsmoa&utm_medium=AF&utm_campaign=TV_None_81176752&hsmoa_userid=&hsmoa_code=moa
2026-08-19,수,04:25,새벽 03-06,CJ온스타일,TV홈쇼핑,락포트,[미리주문10%][공식정품] NEW 새틴 메리제인 스니커즈,패션잡화,149000,https://display.cjonstyle.com/m/item/2089145922?infl_cd=I0482&utm_medium=pcs&utm_source=hsmoa&chn_cd=30002002&hsmoa_userid=&hsmoa_code=moa
2026-08-19,수,04:30,새벽 03-06,ssgshop,미분류,아이엠,[방송중 할인] 보넬 아이엠 토마토 NFC 착즙주스 1L*12병,식품,64900,https://m.shinsegaetvshopping.com/display/detail/20069694?inMediaCode=MC02&ckwhere=hsm_live&hsmoa_userid=&hsmoa_code=moa
2026-08-19,수,04:30,새벽 03-06,K쇼핑,T커머스,자미쿨쿨,[자미쿨쿨] 풍기포인견 메밀 베개 2개세트,침구,49800,http://m.kshop.co.kr/display/mc/product/9112191?with_code=000155&utm_source=hsmoa_ep&utm_medium=cps&utm_campaign=prd_01_%EA%B0%80%EA%B5%AC/%EC%9D%B8%ED%85%8C%EB%A6%AC%EC%96%B4_9112191&utm_content=mo_schedule&hsmoa_userid=&hsmoa_code=moa
2026-08-19,수,04:30,새벽 03-06,K쇼핑,T커머스,도티,[도티] 26SS 썸머 배럴팬츠 3종,패션의류,59900,http://m.kshop.co.kr/display/mc/product/8869487?with_code=000004&utm_source=hsmoa_ep&utm_medium=cps&utm_campaign=prd_01_%EC%9D%98%EB%A5%98/%EC%96%B8%EB%8D%94%EC%9B%A8%EC%96%B4_8869487&utm_content=mo_schedule&hsmoa_userid=&hsmoa_code=moa
2026-08-19,수,04:30,새벽 03-06,현대홈쇼핑,TV홈쇼핑,홍쌍리,[파우치포함]홍쌍리 장아찌세트(매실원3+매실절임2+고추장장아찌1+감로매1+고추비빔장1+매실원파우치1),패션잡화,69900,https://www.hmall.com/md/pda/itemPtc?utm_source=homemoatv&utm_medium=cps&utm_campaign=sale&ReferCode=m20&slitmCd=2215831307
2026-08-19,수,04:30,새벽 03-06,GS샵,TV홈쇼핑,쏘내추럴,쏘내추럴 유러피안 재킷,패션의류,99900,https://m.gsshop.com/alia/aliaGate.gs?media=LAr&gourl=/prd/prd.gs?prdid=1104123730&hsmoa_userid=&hsmoa_code=moa&utm_source=nscreen&utm_medium=affiliate&utm_campaign=homeshopmoa
2026-08-19,수,04:30,새벽 03-06,CJ온스타일,TV홈쇼핑,CREMIEUX,"[최초가 99,000원] 26SS 아이스 라이크라® 치노 팬츠 3종",패션의류,69000,https://display.cjonstyle.com/m/item/2081617608?infl_cd=I0367&utm_medium=pcs&utm_source=hsmoa&hsmoa_userid=&hsmoa_code=moa
2026-08-19,수,04:34,새벽 03-06,GS샵,TV홈쇼핑,라페어,라페어 코티지가든 인견팬티 14종세트,패션의류,59900,https://m.gsshop.com/alia/aliaGate.gs?media=LVA&gourl=/prd/prd.gs?prdid=1117336321&hsmoa_userid=&hsmoa_code=moa&utm_source=nscreen&utm_medium=affiliate&utm_campaign=homeshopmoa
2026-08-19,수,04:35,새벽 03-06,CJ온스타일,TV홈쇼핑,CelebShop,[미리주문10%] 26FW 러플 셔링 점퍼,패션의류,79900,https://display.cjonstyle.com/m/item/2089405142?infl_cd=I0482&utm_medium=pcs&utm_source=hsmoa&channelCode=30002002&chn_cd=30002002&hsmoa_userid=&hsmoa_code=moa
2026-08-19,수,04:37,새벽 03-06,쇼핑엔티,T커머스,대원,[50%세일] 대원제약 산양유 단백질 100 10통,건강기능식품,138000,https://m.shoppingntmall.com/display/goods/27967237?mediaCode=MC04&hsmoa_userid=&hsmoa_code=moa
2026-08-19,수,04:40,새벽 03-06,롯데홈쇼핑,TV홈쇼핑,로보락,[블랙]로보락 F25 ACE 습건식 무선 청소기,가전,799000,https://m.lotteimall.com/coop/affilGate.lotte?chl_no=171634&chl_dtl_no=2584694&returnUrl=/goods/viewGoodsDetail.lotte?goods_no=12878391&hsmoa_userid=&hsmoa_code=moa
2026-08-19,수,04:40,새벽 03-06,롯데홈쇼핑,TV홈쇼핑,세브란스케어,☆[직]더블 세브란스케어 구수한 맛 6박스 96팩 (1박스: 200ML x16팩),기타,179000,https://m.lotteimall.com/coop/affilGate.lotte?chl_no=139564&chl_dtl_no=2538702&returnUrl=/goods/viewGoodsDetail.lotte?goods_no=12914521&hsmoa_userid=&hsmoa_code=moa
2026-08-19,수,04:40,새벽 03-06,현대홈쇼핑,TV홈쇼핑,한국제일도,[장인의 노하우가 담긴] 한국제일도 가위 명작 풀세트,기타,158000,https://www.hmall.com/md/pda/itemPtc?utm_source=homemoatv&utm_medium=cps&utm_campaign=sale&ReferCode=dm1&slitmCd=2252651921
2026-08-19,수,04:45,새벽 03-06,현대홈쇼핑,TV홈쇼핑,베스트하임,[방송에서만] 베스트하임 진공 스팀 다리미,패션의류,148000,https://www.hmall.com/md/pda/itemPtc?utm_source=homemoadata&utm_medium=cps&utm_campaign=sale&ReferCode=s61&slitmCd=2252525728&hsmoa_userid=&hsmoa_code=moa
2026-08-19,수,04:45,새벽 03-06,CJ온스타일,TV홈쇼핑,비비안,[임세영 PICK] 아이스 초경량 에센셜 커버플러스 5세트,기타,179900,https://display.cjonstyle.com/m/item/2083662249?infl_cd=I0278&utm_medium=pcs&utm_source=hsmoa&channelCode=30002002&chn_cd=30002002&hsmoa_userid=&hsmoa_code=moa
2026-08-19,수,04:50,새벽 03-06,현대홈쇼핑,TV홈쇼핑,라스튜디오,[역시즌 초특가][r.a studio] 라스튜디오 호주산 양모100 코트,패션의류,149000,https://www.hmall.com/md/pda/itemPtc?utm_source=homemoatv&utm_medium=cps&utm_campaign=sale&ReferCode=dm1&slitmCd=2252475381
2026-08-19,수,04:51,새벽 03-06,bshop,미분류,가누다,"[가누다] 블루라벨 피아노 베개 2개 세트 (+머리냅 1개, 무료체험10일)",침구,298000,http://m.skstoa.com/display/goods/64435600?orderMedia=62&mediaCode=EP01&mediaTarget=001&utm_source=hsmoa&utm_medium=affiliate&utm_campaign=hsmoaonair&hsmoa_userid=&hsmoa_code=moa
2026-08-19,수,04:55,새벽 03-06,현대홈쇼핑,TV홈쇼핑,한국제일도,[장인의 노하우가 담긴] 한국제일도 가위 명작 풀세트,기타,158000,https://www.hmall.com/md/pda/itemPtc?utm_source=homemoatv&utm_medium=cps&utm_campaign=sale&ReferCode=dm1&slitmCd=2252651921
2026-08-19,수,04:55,새벽 03-06,GS샵,TV홈쇼핑,트렉스타,트렉스타 26SS 남성용 냉감 9부 팬츠 3종 (+벨트 1종),패션의류,49900,https://m.gsshop.com/alia/aliaGate.gs?media=LGx&gourl=/prd/prd.gs?prdid=1129777284&hsmoa_userid=&hsmoa_code=moa&utm_source=nscreen&utm_medium=affiliate&utm_campaign=homeshopmoa
2026-08-19,수,05:00,새벽 03-06,NS홈쇼핑,TV홈쇼핑,샤론느,샤론느 더슬림 안심팬티 5종,패션의류,69900,https://m.nsmall.com/gate?ptnCd=481&target=/goods/36103585
2026-08-19,수,05:00,새벽 03-06,공영쇼핑,TV홈쇼핑,[No brand names found.],26년 햇 천사의 땅 해남 고춧가루 500g*8봉 총4kg,식품,139800,http://m.gongyoungshop.kr/gate/selectAliance.do?alcLnkCd=hsmoa&tgUrl=/goods/selectGoodsDetail.do?prdId=11949555&hsmoa_userid=&hsmoa_code=moa
2026-08-19,수,05:10,새벽 03-06,홈앤쇼핑,TV홈쇼핑,크로커다일,[초특가/앱적립10%][크로커다일](91차) 에어리핏 레이스 헴 브라팬티 6세트(총12종),패션의류,69900,http://m.hnsmall.com/goods/view/79382090?channel_code=20214&utm_source=Hsmoa&utm_medium=AF&utm_campaign=TV_Underwear_79382090&hsmoa_userid=&hsmoa_code=moa
2026-08-19,수,05:15,새벽 03-06,W쇼핑,T커머스,김오곤,(방송에서만) 김오곤 원장의 한방 다이어트 환 5박스(10주분),기타,98000,https://m.w-shopping.co.kr/display/goods/26017357?mediaCode=MC04&hsmoa_userid=
2026-08-19,수,05:15,새벽 03-06,CJ온스타일,TV홈쇼핑,디엔케이,[1사1명품] 디엔케이 클린이즈 올인원 캡슐세wp,기타,59900,https://display.cjonstyle.com/m/item/2072983046?infl_cd=I0278&utm_medium=pcs&utm_source=hsmoa&channelCode=30002002&chn_cd=30002002&hsmoa_userid=&hsmoa_code=moa
2026-08-19,수,05:15,새벽 03-06,CJ온스타일,TV홈쇼핑,대웅제약,[1/판매 1등]대웅제약 리프트앰플 10통+앰플 1박스 더,뷰티,389000,https://display.cjonstyle.com/m/item/2073483675?infl_cd=I0367&utm_medium=pcs&utm_source=hsmoa&hsmoa_userid=&hsmoa_code=moa
2026-08-19,수,05:15,새벽 03-06,롯데홈쇼핑,TV홈쇼핑,뉴트리 코어,"○방송에서만[12+6개월]뉴트리코어 하이퍼셀 코엔자임 Q10 맥스 18박스(1박스:1,000mgX30캡슐",건강기능식품,269000,https://m.lotteimall.com/coop/affilGate.lotte?chl_no=139564&chl_dtl_no=2538702&returnUrl=/goods/viewGoodsDetail.lotte?goods_no=12903277&hsmoa_userid=&hsmoa_code=moa
2026-08-19,수,05:20,새벽 03-06,현대홈쇼핑,TV홈쇼핑,AIA생명,AIA생명 (무)원스톱프리미엄암보험,여행서비스,,https://www.hmall.com/md/pda/itemPtc?utm_source=homemoatv&utm_medium=cps&utm_campaign=sale&ReferCode=m20&slitmCd=2244486170&hsmoa_userid=&hsmoa_code=moa
2026-08-19,수,05:20,새벽 03-06,현대홈쇼핑,TV홈쇼핑,바로 인,PWX 바로인 여성 메쉬 로퍼,패션잡화,69000,https://www.hmall.com/md/pda/itemPtc?utm_source=homemoatv&utm_medium=cps&utm_campaign=sale&ReferCode=dm1&slitmCd=2250786882
2026-08-19,수,05:30,새벽 03-06,GS샵,TV홈쇼핑,토브,토브 갈락토 씨씨 더블구성 결토너 250ml 6병 결세럼 50ml 2병 마스크 1세트,건강기능식품,99900,https://m.gsshop.com/alia/aliaGate.gs?media=LAr&gourl=/prd/prd.gs?prdid=1097164096&hsmoa_userid=&hsmoa_code=moa&utm_source=nscreen&utm_medium=affiliate&utm_campaign=homeshopmoa
2026-08-19,수,05:30,새벽 03-06,ssgshop,미분류,동국제약,[삼성카드]♥ 단독! 방송에서만! 동국제약 마데카 유스퍼펙션 리프팅 아이크림 세트(아이크림9+체험분5매+쇼핑백1),뷰티,79900,https://m.shinsegaetvshopping.com/display/detail/20072065?inMediaCode=MC02&ckwhere=hsm_live&hsmoa_userid=&hsmoa_code=moa
2026-08-19,수,05:30,새벽 03-06,K쇼핑,T커머스,No brand name found.,[Treksta]스포츠 26SS 남성 쿨모션 냉감 팬츠 3종 + 벨트 세트,패션의류,49900,http://m.kshop.co.kr/display/mc/product/8758566?with_code=000155&utm_source=hsmoa_ep&utm_medium=cps&utm_campaign=prd_01_%EC%8A%A4%ED%8F%AC%EC%B8%A0/%EB%A0%88%EC%A0%80_8758566&utm_content=mo_schedule&hsmoa_userid=&hsmoa_code=moa
2026-08-19,수,05:30,새벽 03-06,K쇼핑,T커머스,에이스바이옴,[비에날씬](BNR17)다이어트유산균 9박스+슬림플러스2박스+진공 스팀다리미,건강기능식품,548000,http://m.kshop.co.kr/display/mc/product/10084283?with_code=000004&utm_source=hsmoa_ep&utm_medium=cps&utm_campaign=prd_01_%EC%8B%9D%ED%92%88/%EA%B1%B4%EA%B0%95_10084283&utm_content=mo_schedule&hsmoa_userid=&hsmoa_code=moa
2026-08-19,수,05:31,새벽 03-06,bshop,미분류,발렌티노 크리스티,[발렌티노 크리스티] (26SS 신상) 발렌티노 크리스티 쿨메쉬 런닝 드로즈 세트(10종),기타,69900,http://m.skstoa.com/display/goods/65865344?orderMedia=62&mediaCode=EP01&mediaTarget=001&utm_source=hsmoa&utm_medium=affiliate&utm_campaign=hsmoaonair&hsmoa_userid=&hsmoa_code=moa
2026-08-19,수,05:35,새벽 03-06,GS샵,TV홈쇼핑,뉴트리 코어,뉴트리코어 하이퍼셀 코엔자임Q10 맥스 12박스+6박스 더(방송에서만) 코큐텐 총 18개월분,건강기능식품,269000,https://m.gsshop.com/alia/aliaGate.gs?media=LGx&gourl=/prd/prd.gs?prdid=1128805226&hsmoa_userid=&hsmoa_code=moa&utm_source=nscreen&utm_medium=affiliate&utm_campaign=homeshopmoa
2026-08-19,수,05:36,새벽 03-06,쇼핑엔티,T커머스,도티,26SS 도티 여성 인견 와이드 팬츠 3종 (D6RWW),패션의류,39900,https://m.shoppingntmall.com/display/goods/28047092?mediaCode=MC04&hsmoa_userid=&hsmoa_code=moa
2026-08-19,수,05:40,새벽 03-06,NS홈쇼핑,TV홈쇼핑,[No brand names found.],두뇌엔 닥터PS 맥스 10박스/10개월분,기타,514000,https://m.nsmall.com/gate?ptnCd=481&hsmoa_userid=&target=/goods/35903228&hsmoa_code=moa
2026-08-19,수,05:40,새벽 03-06,롯데홈쇼핑,TV홈쇼핑,[No brand names found.],☆방송에서만☆ 프리미엄 경추 마사지기 K38,기타,59800,https://m.lotteimall.com/coop/affilGate.lotte?chl_no=160210&chl_dtl_no=2566413&returnUrl=/goods/viewGoodsDetail.lotte?goods_no=12911771&hsmoa_userid=&hsmoa_code=moa
2026-08-19,수,05:41,새벽 03-06,NS홈쇼핑,TV홈쇼핑,[No brand names found.],포티니 듀얼 식기건조대 (2단),생활용품,105000,https://m.nsmall.com/gate?ptnCd=536&hsmoa_userid=&target=/goods/36077189&hsmoa_code=moa
2026-08-19,수,06:00,아침 06-09,공영쇼핑,TV홈쇼핑,서분례청국장,[150봉]서분례명인 만능 육수분,기타,49900,http://m.gongyoungshop.kr/gate/selectAliance.do?alcLnkCd=hsmtv&tgUrl=/goods/selectGoodsDetail.do?prdId=11805074&hsmoa_userid=&hsmoa_code=moa
2026-08-19,수,06:00,아침 06-09,홈앤쇼핑,TV홈쇼핑,데니스,[방송에서만 이가격][데니스골프] 26SS 아노락 재킷 쿨 세트 2종,패션의류,66000,http://m.hnsmall.com/goods/view/80758456?channel_code=20397&utm_source=Hsmoa&utm_medium=AF&utm_campaign=TV_Fashion_80758456&hsmoa_userid=&hsmoa_code=moa
2026-08-19,수,06:00,아침 06-09,현대홈쇼핑,TV홈쇼핑,닥터스 노트,[방송에서만]팔레오 콘드로이친 plus MBP 5+5통,기타,89000,https://www.hmall.com/md/pda/itemPtc?utm_source=homemoadata&utm_medium=cps&utm_campaign=sale&ReferCode=s61&slitmCd=2251024092&hsmoa_userid=&hsmoa_code=moa
2026-08-19,수,06:00,아침 06-09,GS샵,TV홈쇼핑,에버콜라겐랩,에버콜라겐랩 100% 동결건조 콜라겐 앰플 VIP패키지+파우치,건강기능식품,199000,https://m.gsshop.com/alia/aliaGate.gs?media=LUz&gourl=/prd/prd.gs?prdid=1133307570&hsmoa_userid=&hsmoa_code=moa&utm_source=nscreen&utm_medium=affiliate&utm_campaign=homeshopmoa
2026-08-19,수,06:15,아침 06-09,W쇼핑,T커머스,아키,[NO세일] 아키 듀얼 리프팅 브라팬티 8종,패션의류,59900,https://m.w-shopping.co.kr/display/goods/24483159?mediaCode=MC04&hsmoa_userid=
2026-08-19,수,06:15,아침 06-09,롯데홈쇼핑,TV홈쇼핑,하루틴,●[전고객 6박스 더] 하루틴 리포좀 비타민C 프로 12+3박스 + 비타C스틱 3박스,건강기능식품,209000,https://m.lotteimall.com/coop/affilGate.lotte?chl_no=171633&chl_dtl_no=2584697&returnUrl=/goods/viewGoodsDetail.lotte?goods_no=12916482&hsmoa_userid=&hsmoa_code=moa
2026-08-19,수,06:15,아침 06-09,현대홈쇼핑,TV홈쇼핑,프리차드 기버터,[프랑스 직수입] 프리차드 기버터 400g x 4통 + 버터나이프 1개,기타,69900,https://www.hmall.com/md/pda/itemPtc?utm_source=homemoatv&utm_medium=cps&utm_campaign=sale&ReferCode=m20&slitmCd=2252634259
2026-08-19,수,06:15,아침 06-09,CJ온스타일,TV홈쇼핑,No brand names found.,[최다 11개월] 프로 다이어트 유산균 9개월분+BNR17플러스60포,건강기능식품,548000,https://display.cjonstyle.com/m/item/2081410949?infl_cd=I0101&utm_medium=pcs&utm_source=hsmoa&hsmoa_userid=&hsmoa_code=moa
2026-08-19,수,06:30,아침 06-09,ssgshop,미분류,하루틴,(방송에서만)[12+3+3]하루틴 리포좀 비타민C 프로 총 15박스+비타민C스틱 3박스(s),건강기능식품,209000,https://m.shinsegaetvshopping.com/display/detail/1001239765?inMediaCode=MC02&ckwhere=hsmser&hsmoa_userid=&hsmoa_code=moa
2026-08-19,수,06:30,아침 06-09,NS홈쇼핑,TV홈쇼핑,데이즈온,데이즈온 그린 아세로라C 8박스,기타,178000,https://m.nsmall.com/gate?ptnCd=538&hsmoa_userid=&target=/goods/35874121&hsmoa_code=moa
2026-08-19,수,06:30,아침 06-09,K쇼핑,T커머스,닥터 린,닥터린 콘드로이친 콘레이티 MBP 6개월분,기타,199000,http://m.kshop.co.kr/display/mc/product/8744655?with_code=100315&utm_source=hsmoa_ep&utm_medium=cps&utm_campaign=prd_01_%EC%8B%9D%ED%92%88/%EA%B1%B4%EA%B0%95_8744655&utm_content=mo_schedule&hsmoa_userid=&hsmoa_code=moa
2026-08-19,수,06:31,아침 06-09,bshop,미분류,나인닷,[나인닷] (반값 세일)EMS 조임핏 운동기구,스포츠레저,99000,http://m.skstoa.com/display/goods/65450847?orderMedia=62&mediaCode=EP08&mediaTarget=001&utm_source=hsmoa&utm_medium=affiliate&utm_campaign=hsmoaoffair&hsmoa_userid=&hsmoa_code=moa
2026-08-19,수,06:36,아침 06-09,쇼핑엔티,T커머스,[No brand names found.],[50%세일] 골드 카무트 효소 12박스 + 파로 5봉 + 복부마사지기,기타,198000,https://m.shoppingntmall.com/display/goods/28268026?mediaCode=SH04&hsmoa_userid=&hsmoa_code=moa
2026-08-19,수,06:36,아침 06-09,GS샵,TV홈쇼핑,멜리지1826,멜리지1826 실크스킨 율무 팩클렌저 5개,기타,49900,https://m.gsshop.com/alia/aliaGate.gs?media=LVA&gourl=/prd/prd.gs?prdid=1102372061&hsmoa_userid=&hsmoa_code=moa&utm_source=nscreen&utm_medium=affiliate&utm_campaign=homeshopmoa
2026-08-19,수,06:40,아침 06-09,롯데홈쇼핑,TV홈쇼핑,롯데,★롯데 단독★ 피치비비 톤업크림 30ml * 5통 + (리뷰시) 비비안 레이온 스판 원피스 1개,뷰티,59900,https://m.lotteimall.com/coop/affilGate.lotte?chl_no=171634&chl_dtl_no=2584694&returnUrl=/goods/viewGoodsDetail.lotte?goods_no=12919063&hsmoa_userid=&hsmoa_code=moa
2026-08-19,수,06:40,아침 06-09,현대홈쇼핑,TV홈쇼핑,다짜고짜,풀스텐 짤순이 다짜고짜 플러스 야채탈수기 오이지 만두속 나물 그릭요거트 유청분리기,식품,69800,https://www.hmall.com/md/pda/itemPtc?utm_source=homemoadata&utm_medium=cps&utm_campaign=sale&ReferCode=s61&slitmCd=2251871547&hsmoa_userid=&hsmoa_code=moa
2026-08-19,수,06:41,아침 06-09,NS홈쇼핑,TV홈쇼핑,그레인온,(50%세일) 골드카무트®브랜드밀효소 12박스+파로 5봉,기타,198000,https://m.nsmall.com/gate?ptnCd=539&hsmoa_userid=&target=/goods/35653302&hsmoa_code=moa
2026-08-19,수,06:45,아침 06-09,CJ온스타일,TV홈쇼핑,오모떼,26SS 에센셜 초경량 브라팬티 5세트,패션의류,179900,https://display.cjonstyle.com/m/item/2082849444?infl_cd=I0482&utm_medium=pcs&utm_source=hsmoa&channelCode=30002002&chn_cd=30002002&hsmoa_userid=&hsmoa_code=moa
2026-08-19,수,07:15,아침 06-09,W쇼핑,T커머스,종근당건강,종근당건강 락토핏 당케어프로 12통 (12개월분),건강기능식품,139000,https://m.w-shopping.co.kr/display/goods/25872212?mediaCode=MC56&hsmoa_userid=&hsmoa_code=moa
2026-08-19,수,07:15,아침 06-09,롯데홈쇼핑,TV홈쇼핑,주영 앤 에스,☆방송에서만 오메가3 2박스 더!☆ [12개월] 관절엔 콘드로이친 1200 12박스 + 식물성 오메가3 600 2박스,건강기능식품,648000,https://m.lotteimall.com/coop/affilGate.lotte?chl_no=171633&chl_dtl_no=2584697&returnUrl=/goods/viewGoodsDetail.lotte?goods_no=12907906&hsmoa_userid=&hsmoa_code=moa
2026-08-19,수,07:15,아침 06-09,공영쇼핑,TV홈쇼핑,[No brand names found.],[시즌2]까사맘 전기압력가마솥+쌀통 10kg,식품,149000,http://m.gongyoungshop.kr/gate/selectAliance.do?alcLnkCd=hsmoa&tgUrl=/goods/selectGoodsDetail.do?prdId=11943486
2026-08-19,수,07:15,아침 06-09,홈앤쇼핑,TV홈쇼핑,여에스더,[국민영양] 여에스더 PS 포스파티딜세린 10박스(20주분) + 카무트효소1박스,기타,89000,http://m.hnsmall.com/goods/view/82385304?channel_code=20397&utm_source=Hsmoa&utm_medium=AF&utm_campaign=TV_None_82385304&hsmoa_userid=&hsmoa_code=moa
2026-08-19,수,07:15,아침 06-09,현대홈쇼핑,TV홈쇼핑,매스티나,[최대함량 겔마스크 최초공개] 매스티나 최신상 코어 기미앰플 3배 패키지 (30ml x 9 + 겔마스크팩 1박스),뷰티,159000,https://www.hmall.com/md/pda/itemPtc?utm_source=homemoatv&utm_medium=cps&utm_campaign=sale&ReferCode=s60&slitmCd=2252652521&hsmoa_userid=&hsmoa_code=moa
2026-08-19,수,07:15,아침 06-09,GS샵,TV홈쇼핑,코렐,코렐 올드타운블루 4인조(20P)+냉면기 4P,식품,189000,https://m.gsshop.com/alia/aliaGate.gs?media=LUz&gourl=/prd/prd.gs?prdid=1133203697&hsmoa_userid=&hsmoa_code=moa&utm_source=nscreen&utm_medium=affiliate&utm_campaign=homeshopmoa
2026-08-19,수,07:15,아침 06-09,CJ온스타일,TV홈쇼핑,오하루,에브리데이 견과 4박스(100봉),식품,109900,https://display.cjonstyle.com/m/item/2076466111?infl_cd=I0101&utm_medium=pcs&utm_source=hsmoa&hsmoa_userid=&hsmoa_code=moa
2026-08-19,수,07:20,아침 06-09,NS홈쇼핑,TV홈쇼핑,제주산,제주산 당찬여주 발효효소 10박스,기타,198000,https://m.nsmall.com/gate?ptnCd=538&hsmoa_userid=&target=/goods/36114699&hsmoa_code=moa
2026-08-19,수,07:25,아침 06-09,NS홈쇼핑,TV홈쇼핑,샤론느,샤론느 풍기인견 안심팬티 4+4종,패션의류,129800,https://m.nsmall.com/gate?ptnCd=481&target=/goods/35209089
2026-08-19,수,07:25,아침 06-09,NS홈쇼핑,TV홈쇼핑,샤론느,샤론느 남성용 풍기인견 안심팬티 4종,패션의류,99900,https://m.nsmall.com/gate?ptnCd=481&target=/goods/35231721
2026-08-19,수,07:25,아침 06-09,NS홈쇼핑,TV홈쇼핑,샤론느,샤론느 풍기인견 안심팬티 4종,패션의류,69900,https://m.nsmall.com/gate?ptnCd=481&target=/goods/35209088
2026-08-19,수,07:25,아침 06-09,NS홈쇼핑,TV홈쇼핑,샤론느,샤론느 올데이 안심플러스 보정 팬티 8종,패션의류,109800,https://m.nsmall.com/gate?ptnCd=481&target=/goods/35490075
2026-08-19,수,07:25,아침 06-09,NS홈쇼핑,TV홈쇼핑,샤론느,샤론느 올데이 안심플러스 보정 팬티 1종,패션의류,49000,https://m.nsmall.com/gate?ptnCd=481&target=/goods/35496963
2026-08-19,수,07:25,아침 06-09,NS홈쇼핑,TV홈쇼핑,샤론느,샤론느 풍기인견팬티 1종,패션의류,19000,https://m.nsmall.com/gate?ptnCd=481&target=/goods/35860961
2026-08-19,수,07:25,아침 06-09,NS홈쇼핑,TV홈쇼핑,샤론느,샤론느 풍기인견 브라탑 1종+팬티 1종(총 2종),패션의류,49000,https://m.nsmall.com/gate?ptnCd=481&target=/goods/35876354
2026-08-19,수,07:25,아침 06-09,NS홈쇼핑,TV홈쇼핑,샤론느,샤론느 올데이 안심플러스 보정 팬티 4종,패션의류,59900,https://m.nsmall.com/gate?ptnCd=481&target=/goods/35490058
2026-08-19,수,07:31,아침 06-09,ssgshop,미분류,마미케어,[삼성카드][3만원 SALE] 마미케어 율무영양크림 특대용량세트 (크림 80g*4개),뷰티,69900,https://m.shinsegaetvshopping.com/display/detail/20072392?inMediaCode=MC02&ckwhere=hsmser&hsmoa_userid=&hsmoa_code=moa
2026-08-19,수,07:31,아침 06-09,K쇼핑,T커머스,지프,[JEEP] 26S/S 지프 여성 플로우 러너,기타,59800,http://m.kshop.co.kr/display/mc/product/8290995?with_code=100315&utm_source=hsmoa_ep&utm_medium=cps&utm_campaign=prd_01_%ED%8C%A8%EC%85%98%EC%8A%88%EC%A6%88/%EC%9E%A1%ED%99%94_8290995&utm_content=mo_schedule&hsmoa_userid=&hsmoa_code=moa
2026-08-19,수,07:31,아침 06-09,K쇼핑,T커머스,성분에디터,[특대용량] 성분에디터 더블 리프팅 앰플 (7병 찬스),뷰티,109000,http://m.kshop.co.kr/display/mc/product/9111363?with_code=100315&utm_source=hsmoa_ep&utm_medium=cps&utm_campaign=prd_01_%ED%99%94%EC%9E%A5%ED%92%88/%EC%9D%B4%EB%AF%B8%EC%9A%A9_9111363&utm_content=mo_schedule&hsmoa_userid=&hsmoa_code=moa
2026-08-19,수,07:31,아침 06-09,bshop,미분류,동국 제약,[센텔리안24] * 실시간 경품 최대용량 패키지 동국제약 마데카 크림 타이트리프팅 50ml 10개 + 15ml 1개+ (체험분)1ml 5개 + 종이팩 2개,뷰티,99900,http://m.skstoa.com/display/goods/66064262?orderMedia=62&mediaCode=EP08&mediaTarget=001&utm_source=hsmoa&utm_medium=affiliate&utm_campaign=hsmoaoffair&hsmoa_userid=&hsmoa_code=moa
2026-08-19,수,07:36,아침 06-09,쇼핑엔티,T커머스,에꼴 드 파리,(매장판매동일) 에꼴드파리 스탠카라 인견 자켓 3종,패션의류,59900,https://m.shoppingntmall.com/display/goods/27826683?mediaCode=SH04&hsmoa_userid=&hsmoa_code=moa
2026-08-19,수,07:36,아침 06-09,GS샵,TV홈쇼핑,주영엔에스,관절엔 콘드로이친1200 12개월분 + 주영 오메가 2개월분,건강기능식품,648000,https://m.gsshop.com/alia/aliaGate.gs?media=LVA&gourl=/prd/prd.gs?prdid=1107929932&hsmoa_userid=&hsmoa_code=moa&utm_source=nscreen&utm_medium=affiliate&utm_campaign=homeshopmoa
2026-08-19,수,07:40,아침 06-09,롯데홈쇼핑,TV홈쇼핑,슈나이더,■O 슈나이더 26SS 여성 썸머 에어 경량 자켓 2종(S602W),패션의류,49900,https://m.lotteimall.com/coop/affilGate.lotte?chl_no=171634&chl_dtl_no=2584694&returnUrl=/goods/viewGoodsDetail.lotte?goods_no=12903408&hsmoa_userid=&hsmoa_code=moa
2026-08-19,수,07:40,아침 06-09,현대홈쇼핑,TV홈쇼핑,플로레센스,플로레센스 플라워 원피스+풀오버 2종,패션의류,29800,https://www.hmall.com/md/pda/itemPtc?utm_source=homemoadata&utm_medium=cps&utm_campaign=sale&ReferCode=s61&slitmCd=2251579937&hsmoa_userid=&hsmoa_code=moa
2026-08-19,수,07:41,아침 06-09,NS홈쇼핑,TV홈쇼핑,[No brand names found.],강원특별자치도 특등급 햇 두백감자 10kg,기타,28900,https://m.nsmall.com/gate?ptnCd=539&hsmoa_userid=&target=/goods/36067379&hsmoa_code=moa
2026-08-19,수,07:45,아침 06-09,CJ온스타일,TV홈쇼핑,크린 위즈,[더블패키지]방수왕 스프레이 8통 (투명4개+백색4개),기타,79800,https://display.cjonstyle.com/m/item/2088835558?infl_cd=I0482&utm_medium=pcs&utm_source=hsmoa&channelCode=30002002&chn_cd=30002002&hsmoa_userid=&hsmoa_code=moa
2026-08-19,수,08:15,아침 06-09,롯데홈쇼핑,TV홈쇼핑,No brand names found.,[프로페셔널 패키지] 링클 케어 트리트먼트 크림 150ml*3통 + 250ml*1통 + 루미너스 마스크팩(4매입)1박스 + 브러쉬 1개,뷰티,249000,https://m.lotteimall.com/coop/affilGate.lotte?chl_no=171633&chl_dtl_no=2584697&returnUrl=/goods/viewGoodsDetail.lotte?goods_no=12919198&hsmoa_userid=&hsmoa_code=moa
2026-08-19,수,08:15,아침 06-09,홈앤쇼핑,TV홈쇼핑,소온하루,[오직 홈앤에서만/기미집중]소온하루 기미 집중 관리 완벽 더블 패키지 (총 64매 / 32회 관리분),기타,99000,http://m.hnsmall.com/goods/view/81213746?channel_code=20397&utm_source=Hsmoa&utm_medium=AF&utm_campaign=TV_None_81213746&hsmoa_userid=&hsmoa_code=moa
2026-08-19,수,08:15,아침 06-09,현대홈쇼핑,TV홈쇼핑,디아루체,[론칭가 79900원] 디아루체 울 블렌딩 볼륨드 자켓 1종,패션의류,39900,https://www.hmall.com/md/pda/itemPtc?utm_source=homemoatv&utm_medium=cps&utm_campaign=sale&ReferCode=s60&slitmCd=2240357955&hsmoa_userid=&hsmoa_code=moa
2026-08-19,수,08:15,아침 06-09,GS샵,TV홈쇼핑,LG 생활 건강,"[매니아] 쉰내잡는 피지 모락셀라 냄새제거 캡슐세제 20입x7팩,5입x1팩(체험분),섬유탈취제1종",생활용품,104900,https://m.gsshop.com/alia/aliaGate.gs?media=LUz&gourl=/prd/prd.gs?prdid=1125703978&hsmoa_userid=&hsmoa_code=moa&utm_source=nscreen&utm_medium=affiliate&utm_campaign=homeshopmoa
2026-08-19,수,08:15,아침 06-09,CJ온스타일,TV홈쇼핑,바니스 뉴욕,[미리주문10%] 26FW 베인 레더 자켓,패션의류,229000,https://display.cjonstyle.com/m/item/2089480948?infl_cd=I0101&utm_medium=pcs&utm_source=hsmoa&channelCode=30002002&hsmoa_userid=&hsmoa_code=moa
2026-08-19,수,08:16,아침 06-09,W쇼핑,T커머스,닥터린,닥터린 콘드로이친 1200 콘레이티+MBP 12박스 + k2 /12개월분,기타,163500,https://m.w-shopping.co.kr/display/goods/23602077?mediaCode=MC04&hsmoa_userid=
2026-08-19,수,08:20,아침 06-09,NS홈쇼핑,TV홈쇼핑,[No brand names found.],뉴밋 유기농 엑스트라버진 올리브오일 100% 1박스,기타,25000,https://m.nsmall.com/gate?ptnCd=538&hsmoa_userid=&target=/goods/36085315&hsmoa_code=moa
2026-08-19,수,08:20,아침 06-09,공영쇼핑,TV홈쇼핑,[No brand names found.],[쉬슬러] 밀크코튼 섬유유연제 3.06리터 1통,생활용품,23000,http://m.gongyoungshop.kr/gate/selectAliance.do?alcLnkCd=hsmoa&tgUrl=/goods/selectGoodsDetail.do?prdId=11953664
2026-08-19,수,08:31,아침 06-09,ssgshop,미분류,에디 티드,[삼성카드][26FW 최신상] 에디티드 커프스 리브 티셔츠 3종,패션의류,69000,https://m.shinsegaetvshopping.com/display/detail/1001532890?inMediaCode=MC02&ckwhere=hsmser&hsmoa_userid=&hsmoa_code=moa
2026-08-19,수,08:31,아침 06-09,K쇼핑,T커머스,오렐리안,[오렐리안] 풍기인견 스퀘어넥 런닝형 브라탑 3종,패션의류,59900,http://m.kshop.co.kr/display/mc/product/10041863?with_code=100315&utm_source=hsmoa_ep&utm_medium=cps&utm_campaign=prd_01_%EC%9D%98%EB%A5%98/%EC%96%B8%EB%8D%94%EC%9B%A8%EC%96%B4_10041863&utm_content=mo_schedule&hsmoa_userid=&hsmoa_code=moa
2026-08-19,수,08:31,아침 06-09,bshop,미분류,도깨비,[도깨비] [방송최저가]도깨비방망이 헤리티지 핸드블렌더(HHB-AS0410),가전,63900,http://m.skstoa.com/display/goods/66112879?orderMedia=62&mediaCode=EP08&mediaTarget=001&utm_source=hsmoa&utm_medium=affiliate&utm_campaign=hsmoaoffair&hsmoa_userid=&hsmoa_code=moa
2026-08-19,수,08:36,아침 06-09,쇼핑엔티,T커머스,오렐리안,[여름히트]오렐리안 풍기인견 냉감 브라탑 3종(런닝형),패션의류,59900,https://m.shoppingntmall.com/display/goods/20864912?mediaCode=SH04&hsmoa_userid=&hsmoa_code=moa
2026-08-19,수,08:36,아침 06-09,GS샵,TV홈쇼핑,닥터큐먼,[레드에디션]닥터큐먼 Type1 콜라겐100 크림팩 프리미엄 더블구성,건강기능식품,178000,https://m.gsshop.com/alia/aliaGate.gs?media=LVA&gourl=/prd/prd.gs?prdid=1115760436&hsmoa_userid=&hsmoa_code=moa&utm_source=nscreen&utm_medium=affiliate&utm_campaign=homeshopmoa
2026-08-19,수,08:40,아침 06-09,롯데홈쇼핑,TV홈쇼핑,[No brand names found.],26SS NC 썸머 8부 팬츠 3종(D6NTW),패션의류,49900,https://m.lotteimall.com/coop/affilGate.lotte?chl_no=171634&chl_dtl_no=2584694&returnUrl=/goods/viewGoodsDetail.lotte?goods_no=12900392&hsmoa_userid=&hsmoa_code=moa
2026-08-19,수,08:40,아침 06-09,현대홈쇼핑,TV홈쇼핑,인터쿡,인터쿡 토마호크 로스돔 3종 세트,기타,109000,https://www.hmall.com/md/pda/itemPtc?utm_source=homemoadata&utm_medium=cps&utm_campaign=sale&ReferCode=s61&slitmCd=2247721571&hsmoa_userid=&hsmoa_code=moa
2026-08-19,수,08:41,아침 06-09,NS홈쇼핑,TV홈쇼핑,,포티니 스테인레스 고무줄 선반 3세트,가구인테리어,40900,https://m.nsmall.com/gate?ptnCd=539&hsmoa_userid=&target=/goods/35706329&hsmoa_code=moa
2026-08-19,수,08:45,아침 06-09,CJ온스타일,TV홈쇼핑,라비오라,최신상 배종옥 레몬꿀팩 레몬허니워시오프팩 6통+타올1매,식품,99000,https://display.cjonstyle.com/m/item/2070029628?infl_cd=I0482&utm_medium=pcs&utm_source=hsmoa&channelCode=30002002&chn_cd=30002002&hsmoa_userid=&hsmoa_code=moa
2026-08-19,수,09:17,오전 09-12,W쇼핑,T커머스,히트 락,★트롯가수 김용빈 추천★에코센스 히트락 올트라이탄 밀폐용기 12종 +핸들형2.5L 2종 (총14종),생활용품,79800,https://m.w-shopping.co.kr/display/goods/25005677?mediaCode=MC56&hsmoa_userid=&hsmoa_code=moa
2026-08-19,수,09:20,오전 09-12,공영쇼핑,TV홈쇼핑,[No brand names found.],[1팩더!]박연경의 한우 도가니탕700g*11팩,식품,59900,http://m.gongyoungshop.kr/gate/selectAliance.do?alcLnkCd=hsmoa&tgUrl=/goods/selectGoodsDetail.do?prdId=11951917
2026-08-19,수,09:20,오전 09-12,CJ온스타일,TV홈쇼핑,페블,[패밀리세트] 페블 파워 캡슐세제 240개+표백캡슐 30개+이염방지시트 50매+체험분 10개,생활용품,108000,https://display.cjonstyle.com/m/item/2088575668?infl_cd=I0101&utm_medium=pcs&utm_source=hsmoa&hsmoa_userid=&hsmoa_code=moa
2026-08-19,수,09:25,오전 09-12,NS홈쇼핑,TV홈쇼핑,백년농가,유기농 지리산 상황버섯쌀 10팩,식품,109000,https://m.nsmall.com/gate?ptnCd=538&hsmoa_userid=&target=/goods/35669185&hsmoa_code=moa
2026-08-19,수,09:25,오전 09-12,롯데홈쇼핑,TV홈쇼핑,가이거,★NEW 컬러★ 플리세(Plissee) 플리츠백 (+파우치),패션잡화,177000,https://m.lotteimall.com/coop/affilGate.lotte?chl_no=171633&chl_dtl_no=2584697&returnUrl=/goods/viewGoodsDetail.lotte?goods_no=12897777&hsmoa_userid=&hsmoa_code=moa
2026-08-19,수,09:25,오전 09-12,홈앤쇼핑,TV홈쇼핑,AK 앤 클라인,[AK앤클라인]26SS 썸머 볼륨 블라우스 3종,패션의류,55000,http://m.hnsmall.com/goods/view/78659315?channel_code=20397&utm_source=Hsmoa&utm_medium=AF&utm_campaign=TV_Fashion_78659315&hsmoa_userid=&hsmoa_code=moa
2026-08-19,수,09:25,오전 09-12,현대홈쇼핑,TV홈쇼핑,태양초,[2026년산 햇고추] 태양초 청결 햇 고춧가루 3kg(500g 6팩) + 청양 고춧가루 500g 1팩,식품,129800,https://www.hmall.com/md/pda/itemPtc?utm_source=homemoatv&utm_medium=cps&utm_campaign=sale&ReferCode=s60&slitmCd=2221856883&hsmoa_userid=&hsmoa_code=moa
2026-08-19,수,09:25,오전 09-12,GS샵,TV홈쇼핑,프롬바이오,[프롬바이오] 위엔 매스틱 24주,기타,599000,https://m.gsshop.com/alia/aliaGate.gs?media=LUz&gourl=/prd/prd.gs?prdid=1132648277&hsmoa_userid=&hsmoa_code=moa&utm_source=nscreen&utm_medium=affiliate&utm_campaign=homeshopmoa
2026-08-19,수,09:31,오전 09-12,K쇼핑,T커머스,베네통,베네통 26SS 니트 팝 컬렉션 3종,패션의류,139000,http://m.kshop.co.kr/display/mc/product/8739937?with_code=100315&utm_source=hsmoa_ep&utm_medium=cps&utm_campaign=prd_01_%EC%8A%A4%ED%8F%AC%EC%B8%A0/%EB%A0%88%EC%A0%80_8739937&utm_content=mo_schedule&hsmoa_userid=&hsmoa_code=moa
2026-08-19,수,09:31,오전 09-12,K쇼핑,T커머스,ACROPASS,[최다구성] 아크로패스 레티알엔 9박스 (입문패키지),기타,129000,http://m.kshop.co.kr/display/mc/product/8758173?with_code=100315&utm_source=hsmoa_ep&utm_medium=cps&utm_campaign=prd_01_%ED%99%94%EC%9E%A5%ED%92%88/%EC%9D%B4%EB%AF%B8%EC%9A%A9_8758173&utm_content=mo_schedule&hsmoa_userid=&hsmoa_code=moa
2026-08-19,수,09:31,오전 09-12,bshop,미분류,렌지프로,"[렌지프로] (방송에서만)렌지프로 세라믹 히팅 그릴팟 풀세트(멀티팟,사각그릴팬.라운드팬,스팀트레이)",기타,109000,http://m.skstoa.com/display/goods/67369556?orderMedia=62&mediaCode=EP08&mediaTarget=001&utm_source=hsmoa&utm_medium=affiliate&utm_campaign=hsmoaoffair&hsmoa_userid=&hsmoa_code=moa
2026-08-19,수,09:32,오전 09-12,ssgshop,미분류,블루핏,"[삼성카드][론칭가69,900원 →1만원↓] 블루핏 NEW 데님 스커트",패션의류,59900,https://m.shinsegaetvshopping.com/display/detail/20070574?inMediaCode=MC02&ckwhere=hsmser&hsmoa_userid=&hsmoa_code=moa
2026-08-19,수,09:35,오전 09-12,쇼핑엔티,T커머스,만지니,[쇼핑엔티 단독]지니라이프 듀얼 맥스 콘드로이친1200MBP 6+6박스,기타,99000,https://m.shoppingntmall.com/display/goods/27579746?mediaCode=SH04&hsmoa_userid=&hsmoa_code=moa
2026-08-19,수,09:36,오전 09-12,GS샵,TV홈쇼핑,클로리에,[방송에서만 천연 원석 세트] 클로리에 실버925 인피니티 체인 목걸이,패션잡화,199000,https://m.gsshop.com/alia/aliaGate.gs?media=LVA&gourl=/prd/prd.gs?prdid=1127106098&hsmoa_userid=&hsmoa_code=moa&utm_source=nscreen&utm_medium=affiliate&utm_campaign=homeshopmoa
2026-08-19,수,09:40,오전 09-12,롯데홈쇼핑,TV홈쇼핑,골드 에이스 앤코,○ ★최다구성★ 24K 순금 시그니처 볼륨반지 클로버 세트(총 11종),패션잡화,898000,https://m.lotteimall.com/coop/affilGate.lotte?chl_no=171634&chl_dtl_no=2584694&returnUrl=/goods/viewGoodsDetail.lotte?goods_no=12914627&hsmoa_userid=&hsmoa_code=moa
2026-08-19,수,09:41,오전 09-12,NS홈쇼핑,TV홈쇼핑,종근당건강,종근당건강 락토핏 당케어 프로 12통,건강기능식품,189000,https://m.nsmall.com/gate?ptnCd=539&hsmoa_userid=&target=/goods/36000213&hsmoa_code=moa
2026-08-19,수,09:45,오전 09-12,CJ온스타일,TV홈쇼핑,신영와코루,젤리브라 26최신상 모아핏 브라팬티 후크형 4세트,패션의류,109900,https://display.cjonstyle.com/m/item/2076606367?infl_cd=I0482&utm_medium=pcs&utm_source=hsmoa&channelCode=30002002&chn_cd=30002002&hsmoa_userid=&hsmoa_code=moa
2026-08-19,수,10:00,오전 09-12,현대홈쇼핑,TV홈쇼핑,프리마클라쎄,프리마클라쎄 이스트웨스트 캔버스 숄더백,패션잡화,169000,https://www.hmall.com/md/pda/itemPtc?utm_source=homemoatv&utm_medium=cps&utm_campaign=sale&ReferCode=dm1&slitmCd=2251880430
2026-08-19,수,10:17,오전 09-12,W쇼핑,T커머스,방송에서만,[방송에서만] 특허받은 빅스텐 짤순이 골드 (대용량2.4L/국내생산),기타,39900,https://m.w-shopping.co.kr/display/goods/24338207?mediaCode=MC56&hsmoa_userid=&hsmoa_code=moa
2026-08-19,수,10:25,오전 09-12,현대홈쇼핑,TV홈쇼핑,,유로컬렉션 26FW 호주산 울 100% 퍼널넥 자켓,패션의류,99000,https://www.hmall.com/md/pda/itemPtc?ReferCode=m20&slitmCd=2251228173&utm_source=livehometv&utm_medium=cps&utm_campaign=sale
2026-08-19,수,10:25,오전 09-12,현대홈쇼핑,TV홈쇼핑,1종,[1종] 머티리얼랩 이집트GIZA코튼 100% 60s더블 티셔츠,패션의류,59000,https://www.hmall.com/md/pda/itemPtc?ReferCode=m20&slitmCd=2228340416&utm_source=livehometv&utm_medium=cps&utm_campaign=sale
2026-08-19,수,10:25,오전 09-12,현대홈쇼핑,TV홈쇼핑,머티리얼랩,머티리얼랩 FAUX 스웨이드 자켓,패션의류,169000,https://www.hmall.com/md/pda/itemPtc?ReferCode=m20&slitmCd=2228988034&utm_source=livehometv&utm_medium=cps&utm_campaign=sale
2026-08-19,수,10:25,오전 09-12,현대홈쇼핑,TV홈쇼핑,Handmade,[Handmade] 머티리얼랩 26PRELUDE 굿럭팔찌,패션잡화,169000,https://www.hmall.com/md/pda/itemPtc?ReferCode=m20&slitmCd=2246977798&utm_source=livehometv&utm_medium=cps&utm_campaign=sale
2026-08-19,수,10:25,오전 09-12,현대홈쇼핑,TV홈쇼핑,머티리얼랩,머티리얼랩 26SS 별자리 자수 카고 팬츠,패션의류,99000,https://www.hmall.com/md/pda/itemPtc?ReferCode=m20&slitmCd=2246267754&utm_source=livehometv&utm_medium=cps&utm_campaign=sale
2026-08-19,수,10:25,오전 09-12,현대홈쇼핑,TV홈쇼핑,3종,[3종] 머티리얼랩 26SS 스터드 슬리브리스,기타,79000,https://www.hmall.com/md/pda/itemPtc?ReferCode=m20&slitmCd=2246270261&utm_source=livehometv&utm_medium=cps&utm_campaign=sale
2026-08-19,수,10:25,오전 09-12,현대홈쇼핑,TV홈쇼핑,JAPAN FABRIC,[JAPAN FABRIC][살안타템] 머티리얼랩 이치멘 체크 셔츠,패션의류,119000,https://www.hmall.com/md/pda/itemPtc?ReferCode=m20&slitmCd=2247181860&utm_source=livehometv&utm_medium=cps&utm_campaign=sale
2026-08-19,수,10:25,오전 09-12,현대홈쇼핑,TV홈쇼핑,살안타템,[살안타템] 머티리얼랩 26SS 20데니아 에어리 후드 자켓,패션의류,79000,https://www.hmall.com/md/pda/itemPtc?ReferCode=m20&slitmCd=2249061627&utm_source=livehometv&utm_medium=cps&utm_campaign=sale
2026-08-19,수,10:25,오전 09-12,CJ온스타일,TV홈쇼핑,캡처앰플 리바이탈,[캡처앰플 리바이탈] 최신상 풀리프트 아이크림 포페이스,뷰티,89000,https://display.cjonstyle.com/p/item/2076521139?infl_cd=I0675&utm_medium=pcs&utm_source=hsmoa
2026-08-19,수,10:25,오전 09-12,CJ온스타일,TV홈쇼핑,밀도컨센트레이트,[밀도컨센트레이트] 최신상 풀리프트 아이크림 포페이스,뷰티,89000,https://display.cjonstyle.com/p/item/2076521188?infl_cd=I0675&utm_medium=pcs&utm_source=hsmoa
2026-08-19,수,10:25,오전 09-12,CJ온스타일,TV홈쇼핑,기본패키지,[기본패키지]최신상 아이크림 11통(40ml*8개+12ml*3개)+밀도컨센트레이트 25ml*2개,뷰티,109000,https://display.cjonstyle.com/p/item/2076575171?infl_cd=I0675&utm_medium=pcs&utm_source=hsmoa
2026-08-19,수,10:25,오전 09-12,CJ온스타일,TV홈쇼핑,이민정 패키지,[이민정 패키지] 풀리프트 아이크림 포페이스 특별구성 (10통),뷰티,89000,https://display.cjonstyle.com/p/item/2078250861?infl_cd=I0675&utm_medium=pcs&utm_source=hsmoa
2026-08-19,수,10:25,오전 09-12,CJ온스타일,TV홈쇼핑,로즈미스트,[로즈미스트] 최신상 풀리프트 아이크림 포페이스 특별구성,뷰티,89000,https://display.cjonstyle.com/p/item/2076519228?infl_cd=I0675&utm_medium=pcs&utm_source=hsmoa
2026-08-19,수,10:25,오전 09-12,CJ온스타일,TV홈쇼핑,로얄너리싱 워터,[로얄너리싱 워터] 최신상 풀리프트 아이크림 포페이스 특별구성,뷰티,89000,https://display.cjonstyle.com/p/item/2076519220?infl_cd=I0675&utm_medium=pcs&utm_source=hsmoa
2026-08-19,수,10:25,오전 09-12,CJ온스타일,TV홈쇼핑,로얄너리싱 밀크,[로얄너리싱 밀크] 최신상 풀리프트 아이크림 포페이스,뷰티,89000,https://display.cjonstyle.com/p/item/2076519149?infl_cd=I0675&utm_medium=pcs&utm_source=hsmoa
2026-08-19,수,10:25,오전 09-12,CJ온스타일,TV홈쇼핑,특대용량,[특대용량] 마스터즈 에어 리치 선스틱 22g 3개+선크림 체험1매,뷰티,59000,https://display.cjonstyle.com/p/item/2082079522?infl_cd=I0675&utm_medium=pcs&utm_source=hsmoa
2026-08-19,수,10:25,오전 09-12,CJ온스타일,TV홈쇼핑,방송2,[방송2]마스터즈 아쿠아 리치 선크림 60ml 4개+ 1ml 1개,뷰티,69000,https://display.cjonstyle.com/p/item/2086693907?infl_cd=I0675&utm_medium=pcs&utm_source=hsmoa
2026-08-19,수,10:25,오전 09-12,롯데홈쇼핑,TV홈쇼핑,유피토스,★매진 패키지★ 유피토스 피토프로틴 헤어 컬러 5박스 (내추럴 브라운) + 염색 키트 1개,건강기능식품,179000,https://m.lotteimall.com/coop/affilGate.lotte?chl_no=171633&chl_dtl_no=2584697&returnUrl=/goods/viewGoodsDetail.lotte?goods_no=12919429&hsmoa_userid=&hsmoa_code=moa
2026-08-19,수,10:25,오전 09-12,공영쇼핑,TV홈쇼핑,No brand names found.,해남 땅끝마을 포기김치9kg+총각김치2kg+보리열무김치1kg(총12kg),식품,46900,http://m.gongyoungshop.kr/gate/selectAliance.do?alcLnkCd=hsmtv&tgUrl=/goods/selectGoodsDetail.do?prdId=11947720&hsmoa_userid=&hsmoa_code=moa
2026-08-19,수,10:25,오전 09-12,홈앤쇼핑,TV홈쇼핑,키라니아,[썸머한정SALE/싸다싸패키지] 키라니아 데오 드 퍼퓸 바디워시 8개(+무료체험 2매),뷰티,69900,http://m.hnsmall.com/goods/view/82828772?channel_code=20397&utm_source=Hsmoa&utm_medium=AF&utm_campaign=TV_Beauty_82828772&hsmoa_userid=&hsmoa_code=moa
2026-08-19,수,10:25,오전 09-12,현대홈쇼핑,TV홈쇼핑,머티리얼랩,머티리얼랩 26SS 웨이브니팅 오픈워크 가디건,패션의류,99000,https://www.hmall.com/md/pda/itemPtc?utm_source=homemoatv&utm_medium=cps&utm_campaign=sale&ReferCode=s60&slitmCd=2246266283&hsmoa_userid=&hsmoa_code=moa
2026-08-19,수,10:25,오전 09-12,GS샵,TV홈쇼핑,종근당,[NEW]종근당건강 관절연골엔 NEM 12개월+천국의계단 증정,기타,648000,https://m.gsshop.com/alia/aliaGate.gs?media=LUz&gourl=/prd/prd.gs?prdid=1132048235&hsmoa_userid=&hsmoa_code=moa&utm_source=nscreen&utm_medium=affiliate&utm_campaign=homeshopmoa
2026-08-19,수,10:25,오전 09-12,CJ온스타일,TV홈쇼핑,AHC,[방송1]마스터즈 아쿠아 리치 선크림 60ml 8개+1ml 2개,뷰티,109000,https://display.cjonstyle.com/m/item/2088575331?infl_cd=I0101&utm_medium=pcs&utm_source=hsmoa&hsmoa_userid=&hsmoa_code=moa
2026-08-19,수,10:30,오전 09-12,NS홈쇼핑,TV홈쇼핑,[No brand names found.],(1만원세일)국내산 간장 꽃게장 3.6kg+양념 꽃게장 1kg,식품,49900,https://m.nsmall.com/gate?ptnCd=538&hsmoa_userid=&target=/goods/36032730&hsmoa_code=moa
2026-08-19,수,10:31,오전 09-12,K쇼핑,T커머스,에콕스,에콕스 [리오셀 + 인견 시원한 팬츠] 26SS 여성 인견팬츠 3종,패션의류,69900,http://m.kshop.co.kr/display/mc/product/10036072?with_code=100315&utm_source=hsmoa_ep&utm_medium=cps&utm_campaign=prd_01_%EC%9D%98%EB%A5%98/%EC%96%B8%EB%8D%94%EC%9B%A8%EC%96%B4_10036072&utm_content=mo_schedule&hsmoa_userid=&hsmoa_code=moa
2026-08-19,수,10:31,오전 09-12,bshop,미분류,스케쳐스,[스케쳐스] 여성 고런 아치핏 슬립인스,기타,149000,http://m.skstoa.com/display/goods/67225090?orderMedia=62&mediaCode=EP08&mediaTarget=001&utm_source=hsmoa&utm_medium=affiliate&utm_campaign=hsmoaoffair&hsmoa_userid=&hsmoa_code=moa
2026-08-19,수,10:32,오전 09-12,ssgshop,미분류,종근당 건강,"[종근당건강동행] 락토핏 생유산균 코어맥스 총 480포(180포X2통+30포X4박스, 16개월분)+아보카도오일 2병",건강기능식품,99000,https://m.shinsegaetvshopping.com/display/detail/1002954495?inMediaCode=MC02&ckwhere=hsmser&hsmoa_userid=&hsmoa_code=moa
2026-08-19,수,10:32,오전 09-12,K쇼핑,T커머스,여에스더,(국민영양프로젝트) 여에스더 포스파티딜세린 10박스+ 카무트1박스,기타,89000,http://m.kshop.co.kr/display/mc/product/10187906?with_code=100315&utm_source=hsmoa_ep&utm_medium=cps&utm_campaign=prd_01_%EC%8B%9D%ED%92%88/%EA%B1%B4%EA%B0%95_10187906&utm_content=mo_schedule&hsmoa_userid=&hsmoa_code=moa
2026-08-19,수,10:35,오전 09-12,쇼핑엔티,T커머스,김하진의참맛있는,[방송에서만 2팩 더!!] 김하진 궁중 한우 도가니수육탕 700g × 10팩 + 700g × 2팩 (총 12팩)_실온보관,식품,59900,https://m.shoppingntmall.com/display/goods/15832063?mediaCode=SH04&hsmoa_userid=&hsmoa_code=moa
2026-08-19,수,10:36,오전 09-12,GS샵,TV홈쇼핑,데비마이어,데비마이어 그린박스 14종+유산균 김치통 4종+멀티그린볼,건강기능식품,159000,https://m.gsshop.com/alia/aliaGate.gs?media=LVA&gourl=/prd/prd.gs?prdid=1111591125&hsmoa_userid=&hsmoa_code=moa&utm_source=nscreen&utm_medium=affiliate&utm_campaign=homeshopmoa
2026-08-19,수,10:40,오전 09-12,롯데홈쇼핑,TV홈쇼핑,제로브라,제로브라 인견블렌디드 프리컷 레이스 브라팬티 4세트,패션의류,59900,https://m.lotteimall.com/coop/affilGate.lotte?chl_no=171634&chl_dtl_no=2584694&returnUrl=/goods/viewGoodsDetail.lotte?goods_no=12904932&hsmoa_userid=&hsmoa_code=moa
2026-08-19,수,10:40,오전 09-12,현대홈쇼핑,TV홈쇼핑,우노아레,{우노아레} 18K 아테나(Athena) 목걸이,패션잡화,2899000,https://www.hmall.com/md/pda/itemPtc?utm_source=homemoadata&utm_medium=cps&utm_campaign=sale&ReferCode=s61&slitmCd=2252387396&hsmoa_userid=&hsmoa_code=moa
2026-08-19,수,10:41,오전 09-12,NS홈쇼핑,TV홈쇼핑,[No brand names found.],코단잠 메밀냉감베개 2개 1세트,침구,39900,https://m.nsmall.com/gate?ptnCd=539&hsmoa_userid=&target=/goods/36122815&hsmoa_code=moa
2026-08-19,수,10:45,오전 09-12,CJ온스타일,TV홈쇼핑,ESCADA,"[상시가 239,000원] ESCADA 26SS 썸머 샤이닝 셋업 SET (후디집업+팬츠)",패션의류,239000,https://display.cjonstyle.com/m/item/2082476702?infl_cd=I0482&utm_medium=pcs&utm_source=hsmoa&channelCode=30002002&chn_cd=30002002&hsmoa_userid=&hsmoa_code=moa
2026-08-18,화,03:00,새벽 03-06,NS홈쇼핑,TV홈쇼핑,일월,일월 시그니처 워셔블카본매트 싱글+더블,기타,276000,https://m.nsmall.com/gate?ptnCd=539&hsmoa_userid=&target=/goods/35418660&hsmoa_code=moa
2026-08-18,화,03:00,새벽 03-06,롯데홈쇼핑,TV홈쇼핑,[No brand names found.],◎ 26FW 핀턱 니팅 데님팬츠 2종,패션의류,69900,https://m.lotteimall.com/coop/affilGate.lotte?chl_no=171634&chl_dtl_no=2584694&returnUrl=/goods/viewGoodsDetail.lotte?goods_no=12918512&hsmoa_userid=&hsmoa_code=moa
2026-08-18,화,03:00,새벽 03-06,현대홈쇼핑,TV홈쇼핑,뉴트리케이,[방송에서만]뉴트리케이 두뇌엔포커스 PS 80(8+4박스. 총 12박스),기타,219000,https://www.hmall.com/md/pda/itemPtc?utm_source=homemoadata&utm_medium=cps&utm_campaign=sale&ReferCode=s61&slitmCd=2243656464&hsmoa_userid=&hsmoa_code=moa
2026-08-18,화,03:00,새벽 03-06,CJ온스타일,TV홈쇼핑,종근당건강,아보카도오일 250ml*10병,식품,215600,https://display.cjonstyle.com/m/item/2075074503?infl_cd=I0101&utm_medium=pcs&utm_source=hsmoa&hsmoa_userid=&hsmoa_code=moa
2026-08-18,화,03:05,새벽 03-06,롯데홈쇼핑,TV홈쇼핑,No brand names found.,◎26 NEW시그니처 이태리 램스킨 볼륨자켓,패션의류,219000,https://m.lotteimall.com/coop/affilGate.lotte?chl_no=171634&chl_dtl_no=2584694&returnUrl=/goods/viewGoodsDetail.lotte?goods_no=12919327&hsmoa_userid=&hsmoa_code=moa
2026-08-18,화,03:05,새벽 03-06,CJ온스타일,TV홈쇼핑,유러피안 데일리,"유러피안데일리베지믹스 230g x 12봉 냉동야채믹스(미니양배추,베이비캐럿,화이트컬리플라워,브로콜리,그린빈,병아리콩)",식품,70900,https://display.cjonstyle.com/m/item/2091320090?infl_cd=I0482&utm_medium=pcs&utm_source=hsmoa&channelCode=30002002&chn_cd=30002002&hsmoa_userid=&hsmoa_code=moa
2026-08-18,화,03:10,새벽 03-06,롯데홈쇼핑,TV홈쇼핑,[No brand names found.],● 26FW 핀턱 니팅 데님팬츠 2종,패션의류,69900,https://m.lotteimall.com/coop/affilGate.lotte?chl_no=171634&chl_dtl_no=2584694&returnUrl=/goods/viewGoodsDetail.lotte?goods_no=12918511&hsmoa_userid=&hsmoa_code=moa
2026-08-18,화,03:10,새벽 03-06,현대홈쇼핑,TV홈쇼핑,샐마,샐마 마카롱EZ 점보 TPU도마 풀세트(방송에서만 조리도구 타워 포함),생활용품,89000,https://www.hmall.com/md/pda/itemPtc?utm_source=homemoatv&utm_medium=cps&utm_campaign=sale&ReferCode=s60&slitmCd=2248998340&hsmoa_userid=&hsmoa_code=moa
2026-08-18,화,03:10,새벽 03-06,GS샵,TV홈쇼핑,Döhler,GS단독 프리미엄 돌러 마차라떼 프로틴 180포 에 방송중에만 22포 더 총 202포,건강기능식품,399000,https://m.gsshop.com/alia/aliaGate.gs?media=LUz&gourl=/prd/prd.gs?prdid=1121776589&hsmoa_userid=&hsmoa_code=moa&utm_source=nscreen&utm_medium=affiliate&utm_campaign=homeshopmoa
2026-08-18,화,03:12,새벽 03-06,GS샵,TV홈쇼핑,브루마스,브루마스 26FW 최신상 울 워킹화 여성 (울98%),기타,59800,https://m.gsshop.com/alia/aliaGate.gs?media=LVA&gourl=/prd/prd.gs?prdid=1133072227&hsmoa_userid=&hsmoa_code=moa&utm_source=nscreen&utm_medium=affiliate&utm_campaign=homeshopmoa
2026-08-18,화,03:15,새벽 03-06,롯데홈쇼핑,TV홈쇼핑,No brand names found.,●26 NEW시그니처 이태리 램스킨 볼륨자켓,패션의류,219000,https://m.lotteimall.com/coop/affilGate.lotte?chl_no=171634&chl_dtl_no=2584694&returnUrl=/goods/viewGoodsDetail.lotte?goods_no=12919325&hsmoa_userid=&hsmoa_code=moa
2026-08-18,화,03:15,새벽 03-06,CJ온스타일,TV홈쇼핑,디오브르,[디오브르by셀렙샵/10%]26FW 크레이프 사브리나 텐션팬츠+벨트,패션의류,79900,https://display.cjonstyle.com/m/item/2090666532?infl_cd=I0482&utm_medium=pcs&utm_source=hsmoa&channelCode=30002002&chn_cd=30002002&hsmoa_userid=&hsmoa_code=moa
2026-08-18,화,03:17,새벽 03-06,GS샵,TV홈쇼핑,모르간,모르간 26FW FAUX 스웨이드셔츠,패션의류,69900,https://m.gsshop.com/alia/aliaGate.gs?media=LVA&gourl=/prd/prd.gs?prdid=1124125531&hsmoa_userid=&hsmoa_code=moa&utm_source=nscreen&utm_medium=affiliate&utm_campaign=homeshopmoa
2026-08-18,화,03:20,새벽 03-06,NS홈쇼핑,TV홈쇼핑,[No brand names found.],코지마 목어깨마사지기,기타,198000,https://m.nsmall.com/gate?ptnCd=539&hsmoa_userid=&target=/goods/36045473&hsmoa_code=moa
2026-08-18,화,03:20,새벽 03-06,NS홈쇼핑,TV홈쇼핑,[No brand names found.],신라온돌흙침대 예가 가드형 카우치소파+리프트업테이블+도자기 12P,가구인테리어,1399000,https://m.nsmall.com/gate?ptnCd=538&hsmoa_userid=&target=/goods/36000441&hsmoa_code=moa
2026-08-18,화,03:20,새벽 03-06,롯데홈쇼핑,TV홈쇼핑,[No brand names found.],○ 26FW 핀턱 니팅 데님팬츠 2종,패션의류,69900,https://m.lotteimall.com/coop/affilGate.lotte?chl_no=171634&chl_dtl_no=2584694&returnUrl=/goods/viewGoodsDetail.lotte?goods_no=12918113&hsmoa_userid=&hsmoa_code=moa
2026-08-18,화,03:20,새벽 03-06,홈앤쇼핑,TV홈쇼핑,드 모아,(방송에서만세트구매가능)드모아 에어웹 W 필로우 베개 총 3세트,침구,169000,http://m.hnsmall.com/goods/view/81688061?channel_code=20397&utm_source=Hsmoa&utm_medium=AF&utm_campaign=TV_None_81688061&hsmoa_userid=&hsmoa_code=moa
2026-08-18,화,03:25,새벽 03-06,롯데홈쇼핑,TV홈쇼핑,No brand names found.,○26 NEW시그니처 이태리 램스킨 볼륨자켓,패션의류,219000,https://m.lotteimall.com/coop/affilGate.lotte?chl_no=171634&chl_dtl_no=2584694&returnUrl=/goods/viewGoodsDetail.lotte?goods_no=12919324&hsmoa_userid=&hsmoa_code=moa
2026-08-18,화,03:25,새벽 03-06,CJ온스타일,TV홈쇼핑,락포트,[미리주문10%][공식정품] NEW 새틴 메리제인 스니커즈,패션잡화,149000,https://display.cjonstyle.com/m/item/2089145922?infl_cd=I0482&utm_medium=pcs&utm_source=hsmoa&chn_cd=30002002&hsmoa_userid=&hsmoa_code=moa
2026-08-18,화,03:27,새벽 03-06,GS샵,TV홈쇼핑,브루마스,브루마스 26FW 최신상 울 워킹화 여성 (울98%),기타,59800,https://m.gsshop.com/alia/aliaGate.gs?media=LVA&gourl=/prd/prd.gs?prdid=1133072227&hsmoa_userid=&hsmoa_code=moa&utm_source=nscreen&utm_medium=affiliate&utm_campaign=homeshopmoa
2026-08-18,화,03:30,새벽 03-06,롯데홈쇼핑,TV홈쇼핑,아임고트,뉴질랜드 프리미엄 산양유 12박스,건강기능식품,396000,https://m.lotteimall.com/coop/affilGate.lotte?chl_no=171633&chl_dtl_no=2584697&returnUrl=/goods/viewGoodsDetail.lotte?goods_no=12893279&hsmoa_userid=&hsmoa_code=moa
2026-08-18,화,03:30,새벽 03-06,GS샵,TV홈쇼핑,폴햄,폴햄 26SS 썸머 우븐 원피스 2종,패션의류,59900,https://m.gsshop.com/alia/aliaGate.gs?media=LUz&gourl=/prd/prd.gs?prdid=1116254031&hsmoa_userid=&hsmoa_code=moa&utm_source=nscreen&utm_medium=affiliate&utm_campaign=homeshopmoa
2026-08-18,화,03:30,새벽 03-06,CJ온스타일,TV홈쇼핑,비비안,[Barbara] 2026년 최신상 앙쥬 퓨징 브라팬티 V27,패션의류,129900,https://display.cjonstyle.com/m/item/2076682971?infl_cd=I0101&utm_medium=pcs&utm_source=hsmoa&hsmoa_userid=&hsmoa_code=moa
2026-08-18,화,03:32,새벽 03-06,GS샵,TV홈쇼핑,라비엘라,[라비엘라] 콜라겐 아이크림 11통 + 부스터 프라임,건강기능식품,69900,https://m.gsshop.com/alia/aliaGate.gs?media=LVA&gourl=/prd/prd.gs?prdid=1067229765&hsmoa_userid=&hsmoa_code=moa&utm_source=nscreen&utm_medium=affiliate&utm_campaign=homeshopmoa
2026-08-18,화,03:34,새벽 03-06,K쇼핑,T커머스,[No brand names found.],[HEAD]헤드 26SS 여성 썸머 밸런스 워킹화,기타,59800,http://m.kshop.co.kr/display/mc/product/8874552?with_code=100315&utm_source=hsmoa_ep&utm_medium=cps&utm_campaign=prd_01_%ED%8C%A8%EC%85%98%EC%8A%88%EC%A6%88/%EC%9E%A1%ED%99%94_8874552&utm_content=mo_schedule&hsmoa_userid=&hsmoa_code=moa
2026-08-18,화,03:35,새벽 03-06,CJ온스타일,TV홈쇼핑,유러피안 데일리,"유러피안데일리베지믹스 230g x 12봉 냉동야채믹스(미니양배추,베이비캐럿,화이트컬리플라워,브로콜리,그린빈,병아리콩)",식품,70900,https://display.cjonstyle.com/m/item/2091320090?infl_cd=I0482&utm_medium=pcs&utm_source=hsmoa&channelCode=30002002&chn_cd=30002002&hsmoa_userid=&hsmoa_code=moa
2026-08-18,화,03:37,새벽 03-06,쇼핑엔티,T커머스,안국약품,안국약품 토비콤 루테인 지아잔틴 아스타잔틴 12개월분,건강기능식품,298000,https://m.shoppingntmall.com/display/goods/23539693?mediaCode=SH04&hsmoa_userid=&hsmoa_code=moa
2026-08-18,화,03:39,새벽 03-06,ssgshop,미분류,보랄,"[삼성카드, 할인](방송에서만) NEW 보랄 쿡앤킵 에어프라이어 (BR-X150AF)",가전,159000,https://m.shinsegaetvshopping.com/display/detail/20071126?inMediaCode=MC02&ckwhere=hsmser&hsmoa_userid=&hsmoa_code=moa
2026-08-18,화,03:39,새벽 03-06,K쇼핑,T커머스,[No brand names found.],아이넥스 홈그린 프리미엄 빨래건조대,생활용품,338000,http://m.kshop.co.kr/display/mc/product/8964700?with_code=100315&utm_source=hsmoa_ep&utm_medium=cps&utm_campaign=prd_01_%EC%A3%BC%EB%B0%A9/%EC%83%9D%ED%99%9C/%EC%95%A0%EA%B2%AC_8964700&utm_content=mo_schedule&hsmoa_userid=&hsmoa_code=moa
2026-08-18,화,03:40,새벽 03-06,NS홈쇼핑,TV홈쇼핑,키리아타올,키리아타올 프리미엄 코마사 호텔수건 총 10장 (솔리드X8+체스+엣지),여행서비스,39900,https://m.nsmall.com/gate?ptnCd=539&hsmoa_userid=&target=/goods/35753741&hsmoa_code=moa
2026-08-18,화,03:40,새벽 03-06,현대홈쇼핑,TV홈쇼핑,셀게이트,[프리메로] 유기농 엑스트라버진 올리브오일 8박스 (총 112포),기타,158000,https://www.hmall.com/md/pda/itemPtc?utm_source=homemoatv&utm_medium=cps&utm_campaign=sale&ReferCode=dm1&slitmCd=2238388776
2026-08-18,화,03:40,새벽 03-06,현대홈쇼핑,TV홈쇼핑,에버홈,[요즘대세][최신상]에버홈 진공 스팀다리미PRO(방송에서만 전용행거스탠드포함),가구인테리어,149000,https://www.hmall.com/md/pda/itemPtc?utm_source=homemoatv&utm_medium=cps&utm_campaign=sale&ReferCode=s60&slitmCd=2252370705&hsmoa_userid=&hsmoa_code=moa
2026-08-18,화,03:45,새벽 03-06,CJ온스타일,TV홈쇼핑,디오브르,[디오브르by셀렙샵/10%]26FW 크레이프 사브리나 텐션팬츠+벨트,패션의류,79900,https://display.cjonstyle.com/m/item/2090666532?infl_cd=I0482&utm_medium=pcs&utm_source=hsmoa&channelCode=30002002&chn_cd=30002002&hsmoa_userid=&hsmoa_code=moa
2026-08-18,화,03:50,새벽 03-06,롯데홈쇼핑,TV홈쇼핑,No brand names found.,○혼합세트○NEW 빅핸들 316 텀블러 2종(피코크그린 600ml+아이보리 800ml),생활용품,79000,https://m.lotteimall.com/coop/affilGate.lotte?chl_no=171633&chl_dtl_no=2584697&returnUrl=/goods/viewGoodsDetail.lotte?goods_no=12915585&hsmoa_userid=&hsmoa_code=moa
2026-08-18,화,03:53,새벽 03-06,GS샵,TV홈쇼핑,락앤락,[방송에서만 더블세트] 락앤락 스마트킵 프래쉬 신선밀폐용기 22종,생활용품,69800,https://m.gsshop.com/alia/aliaGate.gs?media=LVA&gourl=/prd/prd.gs?prdid=1081719360&hsmoa_userid=&hsmoa_code=moa&utm_source=nscreen&utm_medium=affiliate&utm_campaign=homeshopmoa
2026-08-18,화,03:54,새벽 03-06,W쇼핑,T커머스,그레인온,골드 카무트 브랜드밀 효소 30포 12박스 +파로 5팩+ 파로 누룽지 1박스(10봉),기타,396000,https://m.w-shopping.co.kr/display/goods/24716875?mediaCode=MC04&hsmoa_userid=
2026-08-18,화,03:55,새벽 03-06,CJ온스타일,TV홈쇼핑,락포트,[미리주문10%][공식정품] NEW 새틴 메리제인 스니커즈,패션잡화,149000,https://display.cjonstyle.com/m/item/2089145922?infl_cd=I0482&utm_medium=pcs&utm_source=hsmoa&chn_cd=30002002&hsmoa_userid=&hsmoa_code=moa
2026-08-18,화,03:57,새벽 03-06,쇼핑엔티,T커머스,보넬드,[보넬드] 아이엠 당근 주스 12병,식품,198000,https://m.shoppingntmall.com/display/goods/27977344?mediaCode=SH04&hsmoa_userid=&hsmoa_code=moa
2026-08-18,화,04:00,새벽 03-06,NS홈쇼핑,TV홈쇼핑,[No brand names found.],현미보리 칼국수 12개(현미 6개+보리 6개),식품,29900,https://m.nsmall.com/gate?ptnCd=538&hsmoa_userid=&target=/goods/36059772&hsmoa_code=moa
2026-08-18,화,04:00,새벽 03-06,롯데홈쇼핑,TV홈쇼핑,프리메로,☆[10박스]프리메로 NFC 유기농 레몬즙 (1박스: 20g x 14포),식품,165000,https://m.lotteimall.com/coop/affilGate.lotte?chl_no=171634&chl_dtl_no=2584694&returnUrl=/goods/viewGoodsDetail.lotte?goods_no=12914540&hsmoa_userid=&hsmoa_code=moa
2026-08-18,화,04:00,새벽 03-06,현대홈쇼핑,TV홈쇼핑,오로와,[오로와] 창문형 로봇청소기 4세대,가전,369000,https://www.hmall.com/md/pda/itemPtc?utm_source=homemoadata&utm_medium=cps&utm_campaign=sale&ReferCode=s61&slitmCd=2234310109&hsmoa_userid=&hsmoa_code=moa
2026-08-18,화,04:00,새벽 03-06,GS샵,TV홈쇼핑,어바웃코지,어바웃코지 냉감패드세트 SK 슈퍼킹 (냉감패드2+냉감베개커버2),침구,79900,https://m.gsshop.com/alia/aliaGate.gs?media=LUz&gourl=/prd/prd.gs?prdid=1118637670&hsmoa_userid=&hsmoa_code=moa&utm_source=nscreen&utm_medium=affiliate&utm_campaign=homeshopmoa
2026-08-18,화,04:00,새벽 03-06,CJ온스타일,TV홈쇼핑,셀렙샵에디션,"[최초가79,900]모헤어 그라데이션 풀오버",기타,39900,https://display.cjonstyle.com/m/item/2062557241?infl_cd=I0101&utm_medium=pcs&utm_source=hsmoa&hsmoa_userid=&hsmoa_code=moa
2026-08-18,화,04:05,새벽 03-06,CJ온스타일,TV홈쇼핑,유러피안 데일리,"유러피안데일리베지믹스 230g x 12봉 냉동야채믹스(미니양배추,베이비캐럿,화이트컬리플라워,브로콜리,그린빈,병아리콩)",식품,70900,https://display.cjonstyle.com/m/item/2091320090?infl_cd=I0482&utm_medium=pcs&utm_source=hsmoa&channelCode=30002002&chn_cd=30002002&hsmoa_userid=&hsmoa_code=moa
2026-08-18,화,04:10,새벽 03-06,롯데홈쇼핑,TV홈쇼핑,신영와코루,신영와코루 메모리업 웹서포트 브라팬티 5세트,패션의류,89900,https://m.lotteimall.com/coop/affilGate.lotte?chl_no=171633&chl_dtl_no=2584697&returnUrl=/goods/viewGoodsDetail.lotte?goods_no=12901474&hsmoa_userid=&hsmoa_code=moa
2026-08-18,화,04:10,새벽 03-06,공영쇼핑,TV홈쇼핑,[No brand names found.],"몬타 요술 양면 테이프 4종×2세트, 총 36개",기타,39800,http://m.gongyoungshop.kr/gate/selectAliance.do?alcLnkCd=hsmoa&tgUrl=/goods/selectGoodsDetail.do?prdId=11945752
2026-08-18,화,04:11,새벽 03-06,bshop,미분류,메디니스,[메디니스] ★[방송에서만 이가격/의료기기]★ 거북목 및 목디스크 치료기,기타,398000,http://m.skstoa.com/display/goods/64862818?orderMedia=62&mediaCode=EP08&mediaTarget=001&utm_source=hsmoa&utm_medium=affiliate&utm_campaign=hsmoaoffair&hsmoa_userid=&hsmoa_code=moa
2026-08-18,화,04:13,새벽 03-06,GS샵,TV홈쇼핑,브루마스,브루마스 26SS 내추럴 웨지샌들,패션잡화,39800,https://m.gsshop.com/alia/aliaGate.gs?media=LVA&gourl=/prd/prd.gs?prdid=1116877762&hsmoa_userid=&hsmoa_code=moa&utm_source=nscreen&utm_medium=affiliate&utm_campaign=homeshopmoa
2026-08-18,화,04:14,새벽 03-06,W쇼핑,T커머스,뉴트리디데이,[50%세일] 뉴트리디데이 시그니처 콜라겐 비오틴 8박스 (16개월),건강기능식품,98000,https://m.w-shopping.co.kr/display/goods/22224604?mediaCode=MC04&hsmoa_userid=
2026-08-18,화,04:15,새벽 03-06,CJ온스타일,TV홈쇼핑,디오브르,[디오브르by셀렙샵/10%]26FW 크레이프 사브리나 텐션팬츠+벨트,패션의류,79900,https://display.cjonstyle.com/m/item/2090666532?infl_cd=I0482&utm_medium=pcs&utm_source=hsmoa&channelCode=30002002&chn_cd=30002002&hsmoa_userid=&hsmoa_code=moa
2026-08-18,화,04:17,새벽 03-06,쇼핑엔티,T커머스,닥터린,닥터린 콘드로이친1200 콘레이티+MBP +K2 12개월분,기타,329000,https://m.shoppingntmall.com/display/goods/19234765?mediaCode=SH04&hsmoa_userid=&hsmoa_code=moa
2026-08-18,화,04:19,새벽 03-06,ssgshop,미분류,한끼 든든,[삼성카드][방송에서만] 한끼든든 장어탕 350g x 8팩 + 1팩 더 (총 9팩),식품,49900,https://m.shinsegaetvshopping.com/display/detail/1001634925?inMediaCode=MC02&ckwhere=hsmser&hsmoa_userid=&hsmoa_code=moa
2026-08-18,화,04:20,새벽 03-06,홈앤쇼핑,TV홈쇼핑,칸,프리미엄 수제 칸 한우육포 30g x 15개,식품,32900,http://m.hnsmall.com/goods/view/81176752?channel_code=20397&utm_source=Hsmoa&utm_medium=AF&utm_campaign=TV_None_81176752&hsmoa_userid=&hsmoa_code=moa
2026-08-18,화,04:25,새벽 03-06,CJ온스타일,TV홈쇼핑,락포트,[미리주문10%][공식정품] NEW 새틴 메리제인 스니커즈,패션잡화,149000,https://display.cjonstyle.com/m/item/2089145922?infl_cd=I0482&utm_medium=pcs&utm_source=hsmoa&chn_cd=30002002&hsmoa_userid=&hsmoa_code=moa
2026-08-18,화,04:30,새벽 03-06,ssgshop,미분류,아이엠,[방송중 할인] 보넬 아이엠 토마토 NFC 착즙주스 1L*12병,식품,64900,https://m.shinsegaetvshopping.com/display/detail/20069694?inMediaCode=MC02&ckwhere=hsm_live&hsmoa_userid=&hsmoa_code=moa
2026-08-18,화,04:30,새벽 03-06,K쇼핑,T커머스,자미쿨쿨,[자미쿨쿨] 풍기포인견 메밀 베개 2개세트,침구,49800,http://m.kshop.co.kr/display/mc/product/9112191?with_code=000155&utm_source=hsmoa_ep&utm_medium=cps&utm_campaign=prd_01_%EA%B0%80%EA%B5%AC/%EC%9D%B8%ED%85%8C%EB%A6%AC%EC%96%B4_9112191&utm_content=mo_schedule&hsmoa_userid=&hsmoa_code=moa
2026-08-18,화,04:30,새벽 03-06,K쇼핑,T커머스,도티,[도티] 26SS 썸머 배럴팬츠 3종,패션의류,59900,http://m.kshop.co.kr/display/mc/product/8869487?with_code=000004&utm_source=hsmoa_ep&utm_medium=cps&utm_campaign=prd_01_%EC%9D%98%EB%A5%98/%EC%96%B8%EB%8D%94%EC%9B%A8%EC%96%B4_8869487&utm_content=mo_schedule&hsmoa_userid=&hsmoa_code=moa
2026-08-18,화,04:30,새벽 03-06,현대홈쇼핑,TV홈쇼핑,홍쌍리,[파우치포함]홍쌍리 장아찌세트(매실원3+매실절임2+고추장장아찌1+감로매1+고추비빔장1+매실원파우치1),패션잡화,69900,https://www.hmall.com/md/pda/itemPtc?utm_source=homemoatv&utm_medium=cps&utm_campaign=sale&ReferCode=m20&slitmCd=2215831307
2026-08-18,화,04:30,새벽 03-06,GS샵,TV홈쇼핑,쏘내추럴,쏘내추럴 유러피안 재킷,패션의류,99900,https://m.gsshop.com/alia/aliaGate.gs?media=LAr&gourl=/prd/prd.gs?prdid=1104123730&hsmoa_userid=&hsmoa_code=moa&utm_source=nscreen&utm_medium=affiliate&utm_campaign=homeshopmoa
2026-08-18,화,04:30,새벽 03-06,CJ온스타일,TV홈쇼핑,CREMIEUX,"[최초가 99,000원] 26SS 아이스 라이크라® 치노 팬츠 3종",패션의류,69000,https://display.cjonstyle.com/m/item/2081617608?infl_cd=I0367&utm_medium=pcs&utm_source=hsmoa&hsmoa_userid=&hsmoa_code=moa
2026-08-18,화,04:34,새벽 03-06,GS샵,TV홈쇼핑,라페어,라페어 코티지가든 인견팬티 14종세트,패션의류,59900,https://m.gsshop.com/alia/aliaGate.gs?media=LVA&gourl=/prd/prd.gs?prdid=1117336321&hsmoa_userid=&hsmoa_code=moa&utm_source=nscreen&utm_medium=affiliate&utm_campaign=homeshopmoa
2026-08-18,화,04:35,새벽 03-06,CJ온스타일,TV홈쇼핑,CelebShop,[미리주문10%] 26FW 러플 셔링 점퍼,패션의류,79900,https://display.cjonstyle.com/m/item/2089405142?infl_cd=I0482&utm_medium=pcs&utm_source=hsmoa&channelCode=30002002&chn_cd=30002002&hsmoa_userid=&hsmoa_code=moa
2026-08-18,화,04:37,새벽 03-06,쇼핑엔티,T커머스,대원,[50%세일] 대원제약 산양유 단백질 100 10통,건강기능식품,138000,https://m.shoppingntmall.com/display/goods/27967237?mediaCode=MC04&hsmoa_userid=&hsmoa_code=moa
2026-08-18,화,04:40,새벽 03-06,롯데홈쇼핑,TV홈쇼핑,로보락,[블랙]로보락 F25 ACE 습건식 무선 청소기,가전,799000,https://m.lotteimall.com/coop/affilGate.lotte?chl_no=171634&chl_dtl_no=2584694&returnUrl=/goods/viewGoodsDetail.lotte?goods_no=12878391&hsmoa_userid=&hsmoa_code=moa
2026-08-18,화,04:40,새벽 03-06,롯데홈쇼핑,TV홈쇼핑,세브란스케어,☆[직]더블 세브란스케어 구수한 맛 6박스 96팩 (1박스: 200ML x16팩),기타,179000,https://m.lotteimall.com/coop/affilGate.lotte?chl_no=139564&chl_dtl_no=2538702&returnUrl=/goods/viewGoodsDetail.lotte?goods_no=12914521&hsmoa_userid=&hsmoa_code=moa
2026-08-18,화,04:40,새벽 03-06,현대홈쇼핑,TV홈쇼핑,한국제일도,[장인의 노하우가 담긴] 한국제일도 가위 명작 풀세트,기타,158000,https://www.hmall.com/md/pda/itemPtc?utm_source=homemoatv&utm_medium=cps&utm_campaign=sale&ReferCode=dm1&slitmCd=2252651921
2026-08-18,화,04:45,새벽 03-06,현대홈쇼핑,TV홈쇼핑,베스트하임,[방송에서만] 베스트하임 진공 스팀 다리미,패션의류,148000,https://www.hmall.com/md/pda/itemPtc?utm_source=homemoadata&utm_medium=cps&utm_campaign=sale&ReferCode=s61&slitmCd=2252525728&hsmoa_userid=&hsmoa_code=moa
2026-08-18,화,04:45,새벽 03-06,CJ온스타일,TV홈쇼핑,비비안,[임세영 PICK] 아이스 초경량 에센셜 커버플러스 5세트,기타,179900,https://display.cjonstyle.com/m/item/2083662249?infl_cd=I0278&utm_medium=pcs&utm_source=hsmoa&channelCode=30002002&chn_cd=30002002&hsmoa_userid=&hsmoa_code=moa
2026-08-18,화,04:50,새벽 03-06,현대홈쇼핑,TV홈쇼핑,라스튜디오,[역시즌 초특가][r.a studio] 라스튜디오 호주산 양모100 코트,패션의류,149000,https://www.hmall.com/md/pda/itemPtc?utm_source=homemoatv&utm_medium=cps&utm_campaign=sale&ReferCode=dm1&slitmCd=2252475381
2026-08-18,화,04:51,새벽 03-06,bshop,미분류,가누다,"[가누다] 블루라벨 피아노 베개 2개 세트 (+머리냅 1개, 무료체험10일)",침구,298000,http://m.skstoa.com/display/goods/64435600?orderMedia=62&mediaCode=EP01&mediaTarget=001&utm_source=hsmoa&utm_medium=affiliate&utm_campaign=hsmoaonair&hsmoa_userid=&hsmoa_code=moa
2026-08-18,화,04:55,새벽 03-06,현대홈쇼핑,TV홈쇼핑,한국제일도,[장인의 노하우가 담긴] 한국제일도 가위 명작 풀세트,기타,158000,https://www.hmall.com/md/pda/itemPtc?utm_source=homemoatv&utm_medium=cps&utm_campaign=sale&ReferCode=dm1&slitmCd=2252651921
2026-08-18,화,04:55,새벽 03-06,GS샵,TV홈쇼핑,트렉스타,트렉스타 26SS 남성용 냉감 9부 팬츠 3종 (+벨트 1종),패션의류,49900,https://m.gsshop.com/alia/aliaGate.gs?media=LGx&gourl=/prd/prd.gs?prdid=1129777284&hsmoa_userid=&hsmoa_code=moa&utm_source=nscreen&utm_medium=affiliate&utm_campaign=homeshopmoa
2026-08-18,화,05:00,새벽 03-06,NS홈쇼핑,TV홈쇼핑,샤론느,샤론느 더슬림 안심팬티 5종,패션의류,69900,https://m.nsmall.com/gate?ptnCd=481&target=/goods/36103585
2026-08-18,화,05:00,새벽 03-06,공영쇼핑,TV홈쇼핑,[No brand names found.],26년 햇 천사의 땅 해남 고춧가루 500g*8봉 총4kg,식품,139800,http://m.gongyoungshop.kr/gate/selectAliance.do?alcLnkCd=hsmoa&tgUrl=/goods/selectGoodsDetail.do?prdId=11949555&hsmoa_userid=&hsmoa_code=moa
2026-08-18,화,05:10,새벽 03-06,홈앤쇼핑,TV홈쇼핑,크로커다일,[초특가/앱적립10%][크로커다일](91차) 에어리핏 레이스 헴 브라팬티 6세트(총12종),패션의류,69900,http://m.hnsmall.com/goods/view/79382090?channel_code=20214&utm_source=Hsmoa&utm_medium=AF&utm_campaign=TV_Underwear_79382090&hsmoa_userid=&hsmoa_code=moa
2026-08-18,화,05:15,새벽 03-06,W쇼핑,T커머스,김오곤,(방송에서만) 김오곤 원장의 한방 다이어트 환 5박스(10주분),기타,98000,https://m.w-shopping.co.kr/display/goods/26017357?mediaCode=MC04&hsmoa_userid=
2026-08-18,화,05:15,새벽 03-06,CJ온스타일,TV홈쇼핑,디엔케이,[1사1명품] 디엔케이 클린이즈 올인원 캡슐세wp,기타,59900,https://display.cjonstyle.com/m/item/2072983046?infl_cd=I0278&utm_medium=pcs&utm_source=hsmoa&channelCode=30002002&chn_cd=30002002&hsmoa_userid=&hsmoa_code=moa
2026-08-18,화,05:15,새벽 03-06,CJ온스타일,TV홈쇼핑,대웅제약,[1/판매 1등]대웅제약 리프트앰플 10통+앰플 1박스 더,뷰티,389000,https://display.cjonstyle.com/m/item/2073483675?infl_cd=I0367&utm_medium=pcs&utm_source=hsmoa&hsmoa_userid=&hsmoa_code=moa
2026-08-18,화,05:15,새벽 03-06,롯데홈쇼핑,TV홈쇼핑,뉴트리 코어,"○방송에서만[12+6개월]뉴트리코어 하이퍼셀 코엔자임 Q10 맥스 18박스(1박스:1,000mgX30캡슐",건강기능식품,269000,https://m.lotteimall.com/coop/affilGate.lotte?chl_no=139564&chl_dtl_no=2538702&returnUrl=/goods/viewGoodsDetail.lotte?goods_no=12903277&hsmoa_userid=&hsmoa_code=moa
2026-08-18,화,05:20,새벽 03-06,현대홈쇼핑,TV홈쇼핑,AIA생명,AIA생명 (무)원스톱프리미엄암보험,여행서비스,,https://www.hmall.com/md/pda/itemPtc?utm_source=homemoatv&utm_medium=cps&utm_campaign=sale&ReferCode=m20&slitmCd=2244486170&hsmoa_userid=&hsmoa_code=moa
2026-08-18,화,05:20,새벽 03-06,현대홈쇼핑,TV홈쇼핑,바로 인,PWX 바로인 여성 메쉬 로퍼,패션잡화,69000,https://www.hmall.com/md/pda/itemPtc?utm_source=homemoatv&utm_medium=cps&utm_campaign=sale&ReferCode=dm1&slitmCd=2250786882
2026-08-18,화,05:30,새벽 03-06,GS샵,TV홈쇼핑,토브,토브 갈락토 씨씨 더블구성 결토너 250ml 6병 결세럼 50ml 2병 마스크 1세트,건강기능식품,99900,https://m.gsshop.com/alia/aliaGate.gs?media=LAr&gourl=/prd/prd.gs?prdid=1097164096&hsmoa_userid=&hsmoa_code=moa&utm_source=nscreen&utm_medium=affiliate&utm_campaign=homeshopmoa
2026-08-18,화,05:30,새벽 03-06,ssgshop,미분류,동국제약,[삼성카드]♥ 단독! 방송에서만! 동국제약 마데카 유스퍼펙션 리프팅 아이크림 세트(아이크림9+체험분5매+쇼핑백1),뷰티,79900,https://m.shinsegaetvshopping.com/display/detail/20072065?inMediaCode=MC02&ckwhere=hsm_live&hsmoa_userid=&hsmoa_code=moa
2026-08-18,화,05:30,새벽 03-06,K쇼핑,T커머스,No brand name found.,[Treksta]스포츠 26SS 남성 쿨모션 냉감 팬츠 3종 + 벨트 세트,패션의류,49900,http://m.kshop.co.kr/display/mc/product/8758566?with_code=000155&utm_source=hsmoa_ep&utm_medium=cps&utm_campaign=prd_01_%EC%8A%A4%ED%8F%AC%EC%B8%A0/%EB%A0%88%EC%A0%80_8758566&utm_content=mo_schedule&hsmoa_userid=&hsmoa_code=moa
2026-08-18,화,05:30,새벽 03-06,K쇼핑,T커머스,에이스바이옴,[비에날씬](BNR17)다이어트유산균 9박스+슬림플러스2박스+진공 스팀다리미,건강기능식품,548000,http://m.kshop.co.kr/display/mc/product/10084283?with_code=000004&utm_source=hsmoa_ep&utm_medium=cps&utm_campaign=prd_01_%EC%8B%9D%ED%92%88/%EA%B1%B4%EA%B0%95_10084283&utm_content=mo_schedule&hsmoa_userid=&hsmoa_code=moa
2026-08-18,화,05:31,새벽 03-06,bshop,미분류,발렌티노 크리스티,[발렌티노 크리스티] (26SS 신상) 발렌티노 크리스티 쿨메쉬 런닝 드로즈 세트(10종),기타,69900,http://m.skstoa.com/display/goods/65865344?orderMedia=62&mediaCode=EP01&mediaTarget=001&utm_source=hsmoa&utm_medium=affiliate&utm_campaign=hsmoaonair&hsmoa_userid=&hsmoa_code=moa
2026-08-18,화,05:35,새벽 03-06,GS샵,TV홈쇼핑,뉴트리 코어,뉴트리코어 하이퍼셀 코엔자임Q10 맥스 12박스+6박스 더(방송에서만) 코큐텐 총 18개월분,건강기능식품,269000,https://m.gsshop.com/alia/aliaGate.gs?media=LGx&gourl=/prd/prd.gs?prdid=1128805226&hsmoa_userid=&hsmoa_code=moa&utm_source=nscreen&utm_medium=affiliate&utm_campaign=homeshopmoa
2026-08-18,화,05:36,새벽 03-06,쇼핑엔티,T커머스,도티,26SS 도티 여성 인견 와이드 팬츠 3종 (D6RWW),패션의류,39900,https://m.shoppingntmall.com/display/goods/28047092?mediaCode=MC04&hsmoa_userid=&hsmoa_code=moa
2026-08-18,화,05:40,새벽 03-06,NS홈쇼핑,TV홈쇼핑,[No brand names found.],두뇌엔 닥터PS 맥스 10박스/10개월분,기타,514000,https://m.nsmall.com/gate?ptnCd=481&hsmoa_userid=&target=/goods/35903228&hsmoa_code=moa
2026-08-18,화,05:40,새벽 03-06,롯데홈쇼핑,TV홈쇼핑,[No brand names found.],☆방송에서만☆ 프리미엄 경추 마사지기 K38,기타,59800,https://m.lotteimall.com/coop/affilGate.lotte?chl_no=160210&chl_dtl_no=2566413&returnUrl=/goods/viewGoodsDetail.lotte?goods_no=12911771&hsmoa_userid=&hsmoa_code=moa
2026-08-18,화,05:41,새벽 03-06,NS홈쇼핑,TV홈쇼핑,[No brand names found.],포티니 듀얼 식기건조대 (2단),생활용품,105000,https://m.nsmall.com/gate?ptnCd=536&hsmoa_userid=&target=/goods/36077189&hsmoa_code=moa
2026-08-18,화,06:00,아침 06-09,공영쇼핑,TV홈쇼핑,서분례청국장,[150봉]서분례명인 만능 육수분,기타,49900,http://m.gongyoungshop.kr/gate/selectAliance.do?alcLnkCd=hsmtv&tgUrl=/goods/selectGoodsDetail.do?prdId=11805074&hsmoa_userid=&hsmoa_code=moa
2026-08-18,화,06:00,아침 06-09,홈앤쇼핑,TV홈쇼핑,데니스,[방송에서만 이가격][데니스골프] 26SS 아노락 재킷 쿨 세트 2종,패션의류,66000,http://m.hnsmall.com/goods/view/80758456?channel_code=20397&utm_source=Hsmoa&utm_medium=AF&utm_campaign=TV_Fashion_80758456&hsmoa_userid=&hsmoa_code=moa
2026-08-18,화,06:00,아침 06-09,현대홈쇼핑,TV홈쇼핑,닥터스 노트,[방송에서만]팔레오 콘드로이친 plus MBP 5+5통,기타,89000,https://www.hmall.com/md/pda/itemPtc?utm_source=homemoadata&utm_medium=cps&utm_campaign=sale&ReferCode=s61&slitmCd=2251024092&hsmoa_userid=&hsmoa_code=moa
2026-08-18,화,06:00,아침 06-09,GS샵,TV홈쇼핑,에버콜라겐랩,에버콜라겐랩 100% 동결건조 콜라겐 앰플 VIP패키지+파우치,건강기능식품,199000,https://m.gsshop.com/alia/aliaGate.gs?media=LUz&gourl=/prd/prd.gs?prdid=1133307570&hsmoa_userid=&hsmoa_code=moa&utm_source=nscreen&utm_medium=affiliate&utm_campaign=homeshopmoa
2026-08-18,화,06:15,아침 06-09,W쇼핑,T커머스,아키,[NO세일] 아키 듀얼 리프팅 브라팬티 8종,패션의류,59900,https://m.w-shopping.co.kr/display/goods/24483159?mediaCode=MC04&hsmoa_userid=
2026-08-18,화,06:15,아침 06-09,롯데홈쇼핑,TV홈쇼핑,하루틴,●[전고객 6박스 더] 하루틴 리포좀 비타민C 프로 12+3박스 + 비타C스틱 3박스,건강기능식품,209000,https://m.lotteimall.com/coop/affilGate.lotte?chl_no=171633&chl_dtl_no=2584697&returnUrl=/goods/viewGoodsDetail.lotte?goods_no=12916482&hsmoa_userid=&hsmoa_code=moa
2026-08-18,화,06:15,아침 06-09,현대홈쇼핑,TV홈쇼핑,프리차드 기버터,[프랑스 직수입] 프리차드 기버터 400g x 4통 + 버터나이프 1개,기타,69900,https://www.hmall.com/md/pda/itemPtc?utm_source=homemoatv&utm_medium=cps&utm_campaign=sale&ReferCode=m20&slitmCd=2252634259
2026-08-18,화,06:15,아침 06-09,CJ온스타일,TV홈쇼핑,No brand names found.,[최다 11개월] 프로 다이어트 유산균 9개월분+BNR17플러스60포,건강기능식품,548000,https://display.cjonstyle.com/m/item/2081410949?infl_cd=I0101&utm_medium=pcs&utm_source=hsmoa&hsmoa_userid=&hsmoa_code=moa
2026-08-18,화,06:30,아침 06-09,ssgshop,미분류,하루틴,(방송에서만)[12+3+3]하루틴 리포좀 비타민C 프로 총 15박스+비타민C스틱 3박스(s),건강기능식품,209000,https://m.shinsegaetvshopping.com/display/detail/1001239765?inMediaCode=MC02&ckwhere=hsmser&hsmoa_userid=&hsmoa_code=moa
2026-08-18,화,06:30,아침 06-09,NS홈쇼핑,TV홈쇼핑,데이즈온,데이즈온 그린 아세로라C 8박스,기타,178000,https://m.nsmall.com/gate?ptnCd=538&hsmoa_userid=&target=/goods/35874121&hsmoa_code=moa
2026-08-18,화,06:30,아침 06-09,K쇼핑,T커머스,닥터 린,닥터린 콘드로이친 콘레이티 MBP 6개월분,기타,199000,http://m.kshop.co.kr/display/mc/product/8744655?with_code=100315&utm_source=hsmoa_ep&utm_medium=cps&utm_campaign=prd_01_%EC%8B%9D%ED%92%88/%EA%B1%B4%EA%B0%95_8744655&utm_content=mo_schedule&hsmoa_userid=&hsmoa_code=moa
2026-08-18,화,06:31,아침 06-09,bshop,미분류,나인닷,[나인닷] (반값 세일)EMS 조임핏 운동기구,스포츠레저,99000,http://m.skstoa.com/display/goods/65450847?orderMedia=62&mediaCode=EP08&mediaTarget=001&utm_source=hsmoa&utm_medium=affiliate&utm_campaign=hsmoaoffair&hsmoa_userid=&hsmoa_code=moa
2026-08-18,화,06:36,아침 06-09,쇼핑엔티,T커머스,[No brand names found.],[50%세일] 골드 카무트 효소 12박스 + 파로 5봉 + 복부마사지기,기타,198000,https://m.shoppingntmall.com/display/goods/28268026?mediaCode=SH04&hsmoa_userid=&hsmoa_code=moa
2026-08-18,화,06:36,아침 06-09,GS샵,TV홈쇼핑,멜리지1826,멜리지1826 실크스킨 율무 팩클렌저 5개,기타,49900,https://m.gsshop.com/alia/aliaGate.gs?media=LVA&gourl=/prd/prd.gs?prdid=1102372061&hsmoa_userid=&hsmoa_code=moa&utm_source=nscreen&utm_medium=affiliate&utm_campaign=homeshopmoa
2026-08-18,화,06:40,아침 06-09,롯데홈쇼핑,TV홈쇼핑,롯데,★롯데 단독★ 피치비비 톤업크림 30ml * 5통 + (리뷰시) 비비안 레이온 스판 원피스 1개,뷰티,59900,https://m.lotteimall.com/coop/affilGate.lotte?chl_no=171634&chl_dtl_no=2584694&returnUrl=/goods/viewGoodsDetail.lotte?goods_no=12919063&hsmoa_userid=&hsmoa_code=moa
2026-08-18,화,06:40,아침 06-09,현대홈쇼핑,TV홈쇼핑,다짜고짜,풀스텐 짤순이 다짜고짜 플러스 야채탈수기 오이지 만두속 나물 그릭요거트 유청분리기,식품,69800,https://www.hmall.com/md/pda/itemPtc?utm_source=homemoadata&utm_medium=cps&utm_campaign=sale&ReferCode=s61&slitmCd=2251871547&hsmoa_userid=&hsmoa_code=moa
2026-08-18,화,06:41,아침 06-09,NS홈쇼핑,TV홈쇼핑,그레인온,(50%세일) 골드카무트®브랜드밀효소 12박스+파로 5봉,기타,198000,https://m.nsmall.com/gate?ptnCd=539&hsmoa_userid=&target=/goods/35653302&hsmoa_code=moa
2026-08-18,화,06:45,아침 06-09,CJ온스타일,TV홈쇼핑,오모떼,26SS 에센셜 초경량 브라팬티 5세트,패션의류,179900,https://display.cjonstyle.com/m/item/2082849444?infl_cd=I0482&utm_medium=pcs&utm_source=hsmoa&channelCode=30002002&chn_cd=30002002&hsmoa_userid=&hsmoa_code=moa
2026-08-18,화,07:15,아침 06-09,W쇼핑,T커머스,종근당건강,종근당건강 락토핏 당케어프로 12통 (12개월분),건강기능식품,139000,https://m.w-shopping.co.kr/display/goods/25872212?mediaCode=MC56&hsmoa_userid=&hsmoa_code=moa
2026-08-18,화,07:15,아침 06-09,롯데홈쇼핑,TV홈쇼핑,주영 앤 에스,☆방송에서만 오메가3 2박스 더!☆ [12개월] 관절엔 콘드로이친 1200 12박스 + 식물성 오메가3 600 2박스,건강기능식품,648000,https://m.lotteimall.com/coop/affilGate.lotte?chl_no=171633&chl_dtl_no=2584697&returnUrl=/goods/viewGoodsDetail.lotte?goods_no=12907906&hsmoa_userid=&hsmoa_code=moa
2026-08-18,화,07:15,아침 06-09,공영쇼핑,TV홈쇼핑,[No brand names found.],[시즌2]까사맘 전기압력가마솥+쌀통 10kg,식품,149000,http://m.gongyoungshop.kr/gate/selectAliance.do?alcLnkCd=hsmoa&tgUrl=/goods/selectGoodsDetail.do?prdId=11943486
2026-08-18,화,07:15,아침 06-09,홈앤쇼핑,TV홈쇼핑,여에스더,[국민영양] 여에스더 PS 포스파티딜세린 10박스(20주분) + 카무트효소1박스,기타,89000,http://m.hnsmall.com/goods/view/82385304?channel_code=20397&utm_source=Hsmoa&utm_medium=AF&utm_campaign=TV_None_82385304&hsmoa_userid=&hsmoa_code=moa
2026-08-18,화,07:15,아침 06-09,현대홈쇼핑,TV홈쇼핑,매스티나,[최대함량 겔마스크 최초공개] 매스티나 최신상 코어 기미앰플 3배 패키지 (30ml x 9 + 겔마스크팩 1박스),뷰티,159000,https://www.hmall.com/md/pda/itemPtc?utm_source=homemoatv&utm_medium=cps&utm_campaign=sale&ReferCode=s60&slitmCd=2252652521&hsmoa_userid=&hsmoa_code=moa
2026-08-18,화,07:15,아침 06-09,GS샵,TV홈쇼핑,코렐,코렐 올드타운블루 4인조(20P)+냉면기 4P,식품,189000,https://m.gsshop.com/alia/aliaGate.gs?media=LUz&gourl=/prd/prd.gs?prdid=1133203697&hsmoa_userid=&hsmoa_code=moa&utm_source=nscreen&utm_medium=affiliate&utm_campaign=homeshopmoa
2026-08-18,화,07:15,아침 06-09,CJ온스타일,TV홈쇼핑,오하루,에브리데이 견과 4박스(100봉),식품,109900,https://display.cjonstyle.com/m/item/2076466111?infl_cd=I0101&utm_medium=pcs&utm_source=hsmoa&hsmoa_userid=&hsmoa_code=moa
2026-08-18,화,07:20,아침 06-09,NS홈쇼핑,TV홈쇼핑,제주산,제주산 당찬여주 발효효소 10박스,기타,198000,https://m.nsmall.com/gate?ptnCd=538&hsmoa_userid=&target=/goods/36114699&hsmoa_code=moa
2026-08-18,화,07:25,아침 06-09,NS홈쇼핑,TV홈쇼핑,샤론느,샤론느 풍기인견 안심팬티 4+4종,패션의류,129800,https://m.nsmall.com/gate?ptnCd=481&target=/goods/35209089
2026-08-18,화,07:25,아침 06-09,NS홈쇼핑,TV홈쇼핑,샤론느,샤론느 남성용 풍기인견 안심팬티 4종,패션의류,99900,https://m.nsmall.com/gate?ptnCd=481&target=/goods/35231721
2026-08-18,화,07:25,아침 06-09,NS홈쇼핑,TV홈쇼핑,샤론느,샤론느 풍기인견 안심팬티 4종,패션의류,69900,https://m.nsmall.com/gate?ptnCd=481&target=/goods/35209088
2026-08-18,화,07:25,아침 06-09,NS홈쇼핑,TV홈쇼핑,샤론느,샤론느 올데이 안심플러스 보정 팬티 8종,패션의류,109800,https://m.nsmall.com/gate?ptnCd=481&target=/goods/35490075
2026-08-18,화,07:25,아침 06-09,NS홈쇼핑,TV홈쇼핑,샤론느,샤론느 올데이 안심플러스 보정 팬티 1종,패션의류,49000,https://m.nsmall.com/gate?ptnCd=481&target=/goods/35496963
2026-08-18,화,07:25,아침 06-09,NS홈쇼핑,TV홈쇼핑,샤론느,샤론느 풍기인견팬티 1종,패션의류,19000,https://m.nsmall.com/gate?ptnCd=481&target=/goods/35860961
2026-08-18,화,07:25,아침 06-09,NS홈쇼핑,TV홈쇼핑,샤론느,샤론느 풍기인견 브라탑 1종+팬티 1종(총 2종),패션의류,49000,https://m.nsmall.com/gate?ptnCd=481&target=/goods/35876354
2026-08-18,화,07:25,아침 06-09,NS홈쇼핑,TV홈쇼핑,샤론느,샤론느 올데이 안심플러스 보정 팬티 4종,패션의류,59900,https://m.nsmall.com/gate?ptnCd=481&target=/goods/35490058
2026-08-18,화,07:31,아침 06-09,ssgshop,미분류,마미케어,[삼성카드][3만원 SALE] 마미케어 율무영양크림 특대용량세트 (크림 80g*4개),뷰티,69900,https://m.shinsegaetvshopping.com/display/detail/20072392?inMediaCode=MC02&ckwhere=hsmser&hsmoa_userid=&hsmoa_code=moa
2026-08-18,화,07:31,아침 06-09,K쇼핑,T커머스,지프,[JEEP] 26S/S 지프 여성 플로우 러너,기타,59800,http://m.kshop.co.kr/display/mc/product/8290995?with_code=100315&utm_source=hsmoa_ep&utm_medium=cps&utm_campaign=prd_01_%ED%8C%A8%EC%85%98%EC%8A%88%EC%A6%88/%EC%9E%A1%ED%99%94_8290995&utm_content=mo_schedule&hsmoa_userid=&hsmoa_code=moa
2026-08-18,화,07:31,아침 06-09,K쇼핑,T커머스,성분에디터,[특대용량] 성분에디터 더블 리프팅 앰플 (7병 찬스),뷰티,109000,http://m.kshop.co.kr/display/mc/product/9111363?with_code=100315&utm_source=hsmoa_ep&utm_medium=cps&utm_campaign=prd_01_%ED%99%94%EC%9E%A5%ED%92%88/%EC%9D%B4%EB%AF%B8%EC%9A%A9_9111363&utm_content=mo_schedule&hsmoa_userid=&hsmoa_code=moa
2026-08-18,화,07:31,아침 06-09,bshop,미분류,동국 제약,[센텔리안24] * 실시간 경품 최대용량 패키지 동국제약 마데카 크림 타이트리프팅 50ml 10개 + 15ml 1개+ (체험분)1ml 5개 + 종이팩 2개,뷰티,99900,http://m.skstoa.com/display/goods/66064262?orderMedia=62&mediaCode=EP08&mediaTarget=001&utm_source=hsmoa&utm_medium=affiliate&utm_campaign=hsmoaoffair&hsmoa_userid=&hsmoa_code=moa
2026-08-18,화,07:36,아침 06-09,쇼핑엔티,T커머스,에꼴 드 파리,(매장판매동일) 에꼴드파리 스탠카라 인견 자켓 3종,패션의류,59900,https://m.shoppingntmall.com/display/goods/27826683?mediaCode=SH04&hsmoa_userid=&hsmoa_code=moa
2026-08-18,화,07:36,아침 06-09,GS샵,TV홈쇼핑,주영엔에스,관절엔 콘드로이친1200 12개월분 + 주영 오메가 2개월분,건강기능식품,648000,https://m.gsshop.com/alia/aliaGate.gs?media=LVA&gourl=/prd/prd.gs?prdid=1107929932&hsmoa_userid=&hsmoa_code=moa&utm_source=nscreen&utm_medium=affiliate&utm_campaign=homeshopmoa
2026-08-18,화,07:40,아침 06-09,롯데홈쇼핑,TV홈쇼핑,슈나이더,■O 슈나이더 26SS 여성 썸머 에어 경량 자켓 2종(S602W),패션의류,49900,https://m.lotteimall.com/coop/affilGate.lotte?chl_no=171634&chl_dtl_no=2584694&returnUrl=/goods/viewGoodsDetail.lotte?goods_no=12903408&hsmoa_userid=&hsmoa_code=moa
2026-08-18,화,07:40,아침 06-09,현대홈쇼핑,TV홈쇼핑,플로레센스,플로레센스 플라워 원피스+풀오버 2종,패션의류,29800,https://www.hmall.com/md/pda/itemPtc?utm_source=homemoadata&utm_medium=cps&utm_campaign=sale&ReferCode=s61&slitmCd=2251579937&hsmoa_userid=&hsmoa_code=moa
2026-08-18,화,07:41,아침 06-09,NS홈쇼핑,TV홈쇼핑,[No brand names found.],강원특별자치도 특등급 햇 두백감자 10kg,기타,28900,https://m.nsmall.com/gate?ptnCd=539&hsmoa_userid=&target=/goods/36067379&hsmoa_code=moa
2026-08-18,화,07:45,아침 06-09,CJ온스타일,TV홈쇼핑,크린 위즈,[더블패키지]방수왕 스프레이 8통 (투명4개+백색4개),기타,79800,https://display.cjonstyle.com/m/item/2088835558?infl_cd=I0482&utm_medium=pcs&utm_source=hsmoa&channelCode=30002002&chn_cd=30002002&hsmoa_userid=&hsmoa_code=moa
2026-08-18,화,08:15,아침 06-09,롯데홈쇼핑,TV홈쇼핑,No brand names found.,[프로페셔널 패키지] 링클 케어 트리트먼트 크림 150ml*3통 + 250ml*1통 + 루미너스 마스크팩(4매입)1박스 + 브러쉬 1개,뷰티,249000,https://m.lotteimall.com/coop/affilGate.lotte?chl_no=171633&chl_dtl_no=2584697&returnUrl=/goods/viewGoodsDetail.lotte?goods_no=12919198&hsmoa_userid=&hsmoa_code=moa
2026-08-18,화,08:15,아침 06-09,홈앤쇼핑,TV홈쇼핑,소온하루,[오직 홈앤에서만/기미집중]소온하루 기미 집중 관리 완벽 더블 패키지 (총 64매 / 32회 관리분),기타,99000,http://m.hnsmall.com/goods/view/81213746?channel_code=20397&utm_source=Hsmoa&utm_medium=AF&utm_campaign=TV_None_81213746&hsmoa_userid=&hsmoa_code=moa
2026-08-18,화,08:15,아침 06-09,현대홈쇼핑,TV홈쇼핑,디아루체,[론칭가 79900원] 디아루체 울 블렌딩 볼륨드 자켓 1종,패션의류,39900,https://www.hmall.com/md/pda/itemPtc?utm_source=homemoatv&utm_medium=cps&utm_campaign=sale&ReferCode=s60&slitmCd=2240357955&hsmoa_userid=&hsmoa_code=moa
2026-08-18,화,08:15,아침 06-09,GS샵,TV홈쇼핑,LG 생활 건강,"[매니아] 쉰내잡는 피지 모락셀라 냄새제거 캡슐세제 20입x7팩,5입x1팩(체험분),섬유탈취제1종",생활용품,104900,https://m.gsshop.com/alia/aliaGate.gs?media=LUz&gourl=/prd/prd.gs?prdid=1125703978&hsmoa_userid=&hsmoa_code=moa&utm_source=nscreen&utm_medium=affiliate&utm_campaign=homeshopmoa
2026-08-18,화,08:15,아침 06-09,CJ온스타일,TV홈쇼핑,바니스 뉴욕,[미리주문10%] 26FW 베인 레더 자켓,패션의류,229000,https://display.cjonstyle.com/m/item/2089480948?infl_cd=I0101&utm_medium=pcs&utm_source=hsmoa&channelCode=30002002&hsmoa_userid=&hsmoa_code=moa
2026-08-18,화,08:16,아침 06-09,W쇼핑,T커머스,닥터린,닥터린 콘드로이친 1200 콘레이티+MBP 12박스 + k2 /12개월분,기타,163500,https://m.w-shopping.co.kr/display/goods/23602077?mediaCode=MC04&hsmoa_userid=
2026-08-18,화,08:20,아침 06-09,NS홈쇼핑,TV홈쇼핑,[No brand names found.],뉴밋 유기농 엑스트라버진 올리브오일 100% 1박스,기타,25000,https://m.nsmall.com/gate?ptnCd=538&hsmoa_userid=&target=/goods/36085315&hsmoa_code=moa
2026-08-18,화,08:20,아침 06-09,공영쇼핑,TV홈쇼핑,[No brand names found.],[쉬슬러] 밀크코튼 섬유유연제 3.06리터 1통,생활용품,23000,http://m.gongyoungshop.kr/gate/selectAliance.do?alcLnkCd=hsmoa&tgUrl=/goods/selectGoodsDetail.do?prdId=11953664
2026-08-18,화,08:31,아침 06-09,ssgshop,미분류,에디 티드,[삼성카드][26FW 최신상] 에디티드 커프스 리브 티셔츠 3종,패션의류,69000,https://m.shinsegaetvshopping.com/display/detail/1001532890?inMediaCode=MC02&ckwhere=hsmser&hsmoa_userid=&hsmoa_code=moa
2026-08-18,화,08:31,아침 06-09,K쇼핑,T커머스,오렐리안,[오렐리안] 풍기인견 스퀘어넥 런닝형 브라탑 3종,패션의류,59900,http://m.kshop.co.kr/display/mc/product/10041863?with_code=100315&utm_source=hsmoa_ep&utm_medium=cps&utm_campaign=prd_01_%EC%9D%98%EB%A5%98/%EC%96%B8%EB%8D%94%EC%9B%A8%EC%96%B4_10041863&utm_content=mo_schedule&hsmoa_userid=&hsmoa_code=moa
2026-08-18,화,08:31,아침 06-09,bshop,미분류,도깨비,[도깨비] [방송최저가]도깨비방망이 헤리티지 핸드블렌더(HHB-AS0410),가전,63900,http://m.skstoa.com/display/goods/66112879?orderMedia=62&mediaCode=EP08&mediaTarget=001&utm_source=hsmoa&utm_medium=affiliate&utm_campaign=hsmoaoffair&hsmoa_userid=&hsmoa_code=moa
2026-08-18,화,08:36,아침 06-09,쇼핑엔티,T커머스,오렐리안,[여름히트]오렐리안 풍기인견 냉감 브라탑 3종(런닝형),패션의류,59900,https://m.shoppingntmall.com/display/goods/20864912?mediaCode=SH04&hsmoa_userid=&hsmoa_code=moa
2026-08-18,화,08:36,아침 06-09,GS샵,TV홈쇼핑,닥터큐먼,[레드에디션]닥터큐먼 Type1 콜라겐100 크림팩 프리미엄 더블구성,건강기능식품,178000,https://m.gsshop.com/alia/aliaGate.gs?media=LVA&gourl=/prd/prd.gs?prdid=1115760436&hsmoa_userid=&hsmoa_code=moa&utm_source=nscreen&utm_medium=affiliate&utm_campaign=homeshopmoa
2026-08-18,화,08:40,아침 06-09,롯데홈쇼핑,TV홈쇼핑,[No brand names found.],26SS NC 썸머 8부 팬츠 3종(D6NTW),패션의류,49900,https://m.lotteimall.com/coop/affilGate.lotte?chl_no=171634&chl_dtl_no=2584694&returnUrl=/goods/viewGoodsDetail.lotte?goods_no=12900392&hsmoa_userid=&hsmoa_code=moa
2026-08-18,화,08:40,아침 06-09,현대홈쇼핑,TV홈쇼핑,인터쿡,인터쿡 토마호크 로스돔 3종 세트,기타,109000,https://www.hmall.com/md/pda/itemPtc?utm_source=homemoadata&utm_medium=cps&utm_campaign=sale&ReferCode=s61&slitmCd=2247721571&hsmoa_userid=&hsmoa_code=moa
2026-08-18,화,08:41,아침 06-09,NS홈쇼핑,TV홈쇼핑,,포티니 스테인레스 고무줄 선반 3세트,가구인테리어,40900,https://m.nsmall.com/gate?ptnCd=539&hsmoa_userid=&target=/goods/35706329&hsmoa_code=moa
2026-08-18,화,08:45,아침 06-09,CJ온스타일,TV홈쇼핑,라비오라,최신상 배종옥 레몬꿀팩 레몬허니워시오프팩 6통+타올1매,식품,99000,https://display.cjonstyle.com/m/item/2070029628?infl_cd=I0482&utm_medium=pcs&utm_source=hsmoa&channelCode=30002002&chn_cd=30002002&hsmoa_userid=&hsmoa_code=moa
2026-08-18,화,09:17,오전 09-12,W쇼핑,T커머스,히트 락,★트롯가수 김용빈 추천★에코센스 히트락 올트라이탄 밀폐용기 12종 +핸들형2.5L 2종 (총14종),생활용품,79800,https://m.w-shopping.co.kr/display/goods/25005677?mediaCode=MC56&hsmoa_userid=&hsmoa_code=moa
2026-08-18,화,09:20,오전 09-12,공영쇼핑,TV홈쇼핑,[No brand names found.],[1팩더!]박연경의 한우 도가니탕700g*11팩,식품,59900,http://m.gongyoungshop.kr/gate/selectAliance.do?alcLnkCd=hsmoa&tgUrl=/goods/selectGoodsDetail.do?prdId=11951917
2026-08-18,화,09:20,오전 09-12,CJ온스타일,TV홈쇼핑,페블,[패밀리세트] 페블 파워 캡슐세제 240개+표백캡슐 30개+이염방지시트 50매+체험분 10개,생활용품,108000,https://display.cjonstyle.com/m/item/2088575668?infl_cd=I0101&utm_medium=pcs&utm_source=hsmoa&hsmoa_userid=&hsmoa_code=moa
2026-08-18,화,09:25,오전 09-12,NS홈쇼핑,TV홈쇼핑,백년농가,유기농 지리산 상황버섯쌀 10팩,식품,109000,https://m.nsmall.com/gate?ptnCd=538&hsmoa_userid=&target=/goods/35669185&hsmoa_code=moa
2026-08-18,화,09:25,오전 09-12,롯데홈쇼핑,TV홈쇼핑,가이거,★NEW 컬러★ 플리세(Plissee) 플리츠백 (+파우치),패션잡화,177000,https://m.lotteimall.com/coop/affilGate.lotte?chl_no=171633&chl_dtl_no=2584697&returnUrl=/goods/viewGoodsDetail.lotte?goods_no=12897777&hsmoa_userid=&hsmoa_code=moa
2026-08-18,화,09:25,오전 09-12,홈앤쇼핑,TV홈쇼핑,AK 앤 클라인,[AK앤클라인]26SS 썸머 볼륨 블라우스 3종,패션의류,55000,http://m.hnsmall.com/goods/view/78659315?channel_code=20397&utm_source=Hsmoa&utm_medium=AF&utm_campaign=TV_Fashion_78659315&hsmoa_userid=&hsmoa_code=moa
2026-08-18,화,09:25,오전 09-12,현대홈쇼핑,TV홈쇼핑,태양초,[2026년산 햇고추] 태양초 청결 햇 고춧가루 3kg(500g 6팩) + 청양 고춧가루 500g 1팩,식품,129800,https://www.hmall.com/md/pda/itemPtc?utm_source=homemoatv&utm_medium=cps&utm_campaign=sale&ReferCode=s60&slitmCd=2221856883&hsmoa_userid=&hsmoa_code=moa
2026-08-18,화,09:25,오전 09-12,GS샵,TV홈쇼핑,프롬바이오,[프롬바이오] 위엔 매스틱 24주,기타,599000,https://m.gsshop.com/alia/aliaGate.gs?media=LUz&gourl=/prd/prd.gs?prdid=1132648277&hsmoa_userid=&hsmoa_code=moa&utm_source=nscreen&utm_medium=affiliate&utm_campaign=homeshopmoa
2026-08-18,화,09:31,오전 09-12,K쇼핑,T커머스,베네통,베네통 26SS 니트 팝 컬렉션 3종,패션의류,139000,http://m.kshop.co.kr/display/mc/product/8739937?with_code=100315&utm_source=hsmoa_ep&utm_medium=cps&utm_campaign=prd_01_%EC%8A%A4%ED%8F%AC%EC%B8%A0/%EB%A0%88%EC%A0%80_8739937&utm_content=mo_schedule&hsmoa_userid=&hsmoa_code=moa
2026-08-18,화,09:31,오전 09-12,K쇼핑,T커머스,ACROPASS,[최다구성] 아크로패스 레티알엔 9박스 (입문패키지),기타,129000,http://m.kshop.co.kr/display/mc/product/8758173?with_code=100315&utm_source=hsmoa_ep&utm_medium=cps&utm_campaign=prd_01_%ED%99%94%EC%9E%A5%ED%92%88/%EC%9D%B4%EB%AF%B8%EC%9A%A9_8758173&utm_content=mo_schedule&hsmoa_userid=&hsmoa_code=moa
2026-08-18,화,09:31,오전 09-12,bshop,미분류,렌지프로,"[렌지프로] (방송에서만)렌지프로 세라믹 히팅 그릴팟 풀세트(멀티팟,사각그릴팬.라운드팬,스팀트레이)",기타,109000,http://m.skstoa.com/display/goods/67369556?orderMedia=62&mediaCode=EP08&mediaTarget=001&utm_source=hsmoa&utm_medium=affiliate&utm_campaign=hsmoaoffair&hsmoa_userid=&hsmoa_code=moa
2026-08-18,화,09:32,오전 09-12,ssgshop,미분류,블루핏,"[삼성카드][론칭가69,900원 →1만원↓] 블루핏 NEW 데님 스커트",패션의류,59900,https://m.shinsegaetvshopping.com/display/detail/20070574?inMediaCode=MC02&ckwhere=hsmser&hsmoa_userid=&hsmoa_code=moa
2026-08-18,화,09:35,오전 09-12,쇼핑엔티,T커머스,만지니,[쇼핑엔티 단독]지니라이프 듀얼 맥스 콘드로이친1200MBP 6+6박스,기타,99000,https://m.shoppingntmall.com/display/goods/27579746?mediaCode=SH04&hsmoa_userid=&hsmoa_code=moa
2026-08-18,화,09:36,오전 09-12,GS샵,TV홈쇼핑,클로리에,[방송에서만 천연 원석 세트] 클로리에 실버925 인피니티 체인 목걸이,패션잡화,199000,https://m.gsshop.com/alia/aliaGate.gs?media=LVA&gourl=/prd/prd.gs?prdid=1127106098&hsmoa_userid=&hsmoa_code=moa&utm_source=nscreen&utm_medium=affiliate&utm_campaign=homeshopmoa
2026-08-18,화,09:40,오전 09-12,롯데홈쇼핑,TV홈쇼핑,골드 에이스 앤코,○ ★최다구성★ 24K 순금 시그니처 볼륨반지 클로버 세트(총 11종),패션잡화,898000,https://m.lotteimall.com/coop/affilGate.lotte?chl_no=171634&chl_dtl_no=2584694&returnUrl=/goods/viewGoodsDetail.lotte?goods_no=12914627&hsmoa_userid=&hsmoa_code=moa
2026-08-18,화,09:41,오전 09-12,NS홈쇼핑,TV홈쇼핑,종근당건강,종근당건강 락토핏 당케어 프로 12통,건강기능식품,189000,https://m.nsmall.com/gate?ptnCd=539&hsmoa_userid=&target=/goods/36000213&hsmoa_code=moa
2026-08-18,화,09:45,오전 09-12,CJ온스타일,TV홈쇼핑,신영와코루,젤리브라 26최신상 모아핏 브라팬티 후크형 4세트,패션의류,109900,https://display.cjonstyle.com/m/item/2076606367?infl_cd=I0482&utm_medium=pcs&utm_source=hsmoa&channelCode=30002002&chn_cd=30002002&hsmoa_userid=&hsmoa_code=moa
2026-08-18,화,10:00,오전 09-12,현대홈쇼핑,TV홈쇼핑,프리마클라쎄,프리마클라쎄 이스트웨스트 캔버스 숄더백,패션잡화,169000,https://www.hmall.com/md/pda/itemPtc?utm_source=homemoatv&utm_medium=cps&utm_campaign=sale&ReferCode=dm1&slitmCd=2251880430
2026-08-18,화,10:17,오전 09-12,W쇼핑,T커머스,방송에서만,[방송에서만] 특허받은 빅스텐 짤순이 골드 (대용량2.4L/국내생산),기타,39900,https://m.w-shopping.co.kr/display/goods/24338207?mediaCode=MC56&hsmoa_userid=&hsmoa_code=moa
2026-08-18,화,10:25,오전 09-12,현대홈쇼핑,TV홈쇼핑,,유로컬렉션 26FW 호주산 울 100% 퍼널넥 자켓,패션의류,99000,https://www.hmall.com/md/pda/itemPtc?ReferCode=m20&slitmCd=2251228173&utm_source=livehometv&utm_medium=cps&utm_campaign=sale
2026-08-18,화,10:25,오전 09-12,현대홈쇼핑,TV홈쇼핑,1종,[1종] 머티리얼랩 이집트GIZA코튼 100% 60s더블 티셔츠,패션의류,59000,https://www.hmall.com/md/pda/itemPtc?ReferCode=m20&slitmCd=2228340416&utm_source=livehometv&utm_medium=cps&utm_campaign=sale
2026-08-18,화,10:25,오전 09-12,현대홈쇼핑,TV홈쇼핑,머티리얼랩,머티리얼랩 FAUX 스웨이드 자켓,패션의류,169000,https://www.hmall.com/md/pda/itemPtc?ReferCode=m20&slitmCd=2228988034&utm_source=livehometv&utm_medium=cps&utm_campaign=sale
2026-08-18,화,10:25,오전 09-12,현대홈쇼핑,TV홈쇼핑,Handmade,[Handmade] 머티리얼랩 26PRELUDE 굿럭팔찌,패션잡화,169000,https://www.hmall.com/md/pda/itemPtc?ReferCode=m20&slitmCd=2246977798&utm_source=livehometv&utm_medium=cps&utm_campaign=sale
2026-08-18,화,10:25,오전 09-12,현대홈쇼핑,TV홈쇼핑,머티리얼랩,머티리얼랩 26SS 별자리 자수 카고 팬츠,패션의류,99000,https://www.hmall.com/md/pda/itemPtc?ReferCode=m20&slitmCd=2246267754&utm_source=livehometv&utm_medium=cps&utm_campaign=sale
2026-08-18,화,10:25,오전 09-12,현대홈쇼핑,TV홈쇼핑,3종,[3종] 머티리얼랩 26SS 스터드 슬리브리스,기타,79000,https://www.hmall.com/md/pda/itemPtc?ReferCode=m20&slitmCd=2246270261&utm_source=livehometv&utm_medium=cps&utm_campaign=sale
2026-08-18,화,10:25,오전 09-12,현대홈쇼핑,TV홈쇼핑,JAPAN FABRIC,[JAPAN FABRIC][살안타템] 머티리얼랩 이치멘 체크 셔츠,패션의류,119000,https://www.hmall.com/md/pda/itemPtc?ReferCode=m20&slitmCd=2247181860&utm_source=livehometv&utm_medium=cps&utm_campaign=sale
2026-08-18,화,10:25,오전 09-12,현대홈쇼핑,TV홈쇼핑,살안타템,[살안타템] 머티리얼랩 26SS 20데니아 에어리 후드 자켓,패션의류,79000,https://www.hmall.com/md/pda/itemPtc?ReferCode=m20&slitmCd=2249061627&utm_source=livehometv&utm_medium=cps&utm_campaign=sale
2026-08-18,화,10:25,오전 09-12,CJ온스타일,TV홈쇼핑,캡처앰플 리바이탈,[캡처앰플 리바이탈] 최신상 풀리프트 아이크림 포페이스,뷰티,89000,https://display.cjonstyle.com/p/item/2076521139?infl_cd=I0675&utm_medium=pcs&utm_source=hsmoa
2026-08-18,화,10:25,오전 09-12,CJ온스타일,TV홈쇼핑,밀도컨센트레이트,[밀도컨센트레이트] 최신상 풀리프트 아이크림 포페이스,뷰티,89000,https://display.cjonstyle.com/p/item/2076521188?infl_cd=I0675&utm_medium=pcs&utm_source=hsmoa
2026-08-18,화,10:25,오전 09-12,CJ온스타일,TV홈쇼핑,기본패키지,[기본패키지]최신상 아이크림 11통(40ml*8개+12ml*3개)+밀도컨센트레이트 25ml*2개,뷰티,109000,https://display.cjonstyle.com/p/item/2076575171?infl_cd=I0675&utm_medium=pcs&utm_source=hsmoa
2026-08-18,화,10:25,오전 09-12,CJ온스타일,TV홈쇼핑,이민정 패키지,[이민정 패키지] 풀리프트 아이크림 포페이스 특별구성 (10통),뷰티,89000,https://display.cjonstyle.com/p/item/2078250861?infl_cd=I0675&utm_medium=pcs&utm_source=hsmoa
2026-08-18,화,10:25,오전 09-12,CJ온스타일,TV홈쇼핑,로즈미스트,[로즈미스트] 최신상 풀리프트 아이크림 포페이스 특별구성,뷰티,89000,https://display.cjonstyle.com/p/item/2076519228?infl_cd=I0675&utm_medium=pcs&utm_source=hsmoa
2026-08-18,화,10:25,오전 09-12,CJ온스타일,TV홈쇼핑,로얄너리싱 워터,[로얄너리싱 워터] 최신상 풀리프트 아이크림 포페이스 특별구성,뷰티,89000,https://display.cjonstyle.com/p/item/2076519220?infl_cd=I0675&utm_medium=pcs&utm_source=hsmoa
2026-08-18,화,10:25,오전 09-12,CJ온스타일,TV홈쇼핑,로얄너리싱 밀크,[로얄너리싱 밀크] 최신상 풀리프트 아이크림 포페이스,뷰티,89000,https://display.cjonstyle.com/p/item/2076519149?infl_cd=I0675&utm_medium=pcs&utm_source=hsmoa
2026-08-18,화,10:25,오전 09-12,CJ온스타일,TV홈쇼핑,특대용량,[특대용량] 마스터즈 에어 리치 선스틱 22g 3개+선크림 체험1매,뷰티,59000,https://display.cjonstyle.com/p/item/2082079522?infl_cd=I0675&utm_medium=pcs&utm_source=hsmoa
2026-08-18,화,10:25,오전 09-12,CJ온스타일,TV홈쇼핑,방송2,[방송2]마스터즈 아쿠아 리치 선크림 60ml 4개+ 1ml 1개,뷰티,69000,https://display.cjonstyle.com/p/item/2086693907?infl_cd=I0675&utm_medium=pcs&utm_source=hsmoa
2026-08-18,화,10:25,오전 09-12,롯데홈쇼핑,TV홈쇼핑,유피토스,★매진 패키지★ 유피토스 피토프로틴 헤어 컬러 5박스 (내추럴 브라운) + 염색 키트 1개,건강기능식품,179000,https://m.lotteimall.com/coop/affilGate.lotte?chl_no=171633&chl_dtl_no=2584697&returnUrl=/goods/viewGoodsDetail.lotte?goods_no=12919429&hsmoa_userid=&hsmoa_code=moa
2026-08-18,화,10:25,오전 09-12,공영쇼핑,TV홈쇼핑,No brand names found.,해남 땅끝마을 포기김치9kg+총각김치2kg+보리열무김치1kg(총12kg),식품,46900,http://m.gongyoungshop.kr/gate/selectAliance.do?alcLnkCd=hsmtv&tgUrl=/goods/selectGoodsDetail.do?prdId=11947720&hsmoa_userid=&hsmoa_code=moa
2026-08-18,화,10:25,오전 09-12,홈앤쇼핑,TV홈쇼핑,키라니아,[썸머한정SALE/싸다싸패키지] 키라니아 데오 드 퍼퓸 바디워시 8개(+무료체험 2매),뷰티,69900,http://m.hnsmall.com/goods/view/82828772?channel_code=20397&utm_source=Hsmoa&utm_medium=AF&utm_campaign=TV_Beauty_82828772&hsmoa_userid=&hsmoa_code=moa
2026-08-18,화,10:25,오전 09-12,현대홈쇼핑,TV홈쇼핑,머티리얼랩,머티리얼랩 26SS 웨이브니팅 오픈워크 가디건,패션의류,99000,https://www.hmall.com/md/pda/itemPtc?utm_source=homemoatv&utm_medium=cps&utm_campaign=sale&ReferCode=s60&slitmCd=2246266283&hsmoa_userid=&hsmoa_code=moa
2026-08-18,화,10:25,오전 09-12,GS샵,TV홈쇼핑,종근당,[NEW]종근당건강 관절연골엔 NEM 12개월+천국의계단 증정,기타,648000,https://m.gsshop.com/alia/aliaGate.gs?media=LUz&gourl=/prd/prd.gs?prdid=1132048235&hsmoa_userid=&hsmoa_code=moa&utm_source=nscreen&utm_medium=affiliate&utm_campaign=homeshopmoa
2026-08-18,화,10:25,오전 09-12,CJ온스타일,TV홈쇼핑,AHC,[방송1]마스터즈 아쿠아 리치 선크림 60ml 8개+1ml 2개,뷰티,109000,https://display.cjonstyle.com/m/item/2088575331?infl_cd=I0101&utm_medium=pcs&utm_source=hsmoa&hsmoa_userid=&hsmoa_code=moa
2026-08-18,화,10:30,오전 09-12,NS홈쇼핑,TV홈쇼핑,[No brand names found.],(1만원세일)국내산 간장 꽃게장 3.6kg+양념 꽃게장 1kg,식품,49900,https://m.nsmall.com/gate?ptnCd=538&hsmoa_userid=&target=/goods/36032730&hsmoa_code=moa
2026-08-18,화,10:31,오전 09-12,K쇼핑,T커머스,에콕스,에콕스 [리오셀 + 인견 시원한 팬츠] 26SS 여성 인견팬츠 3종,패션의류,69900,http://m.kshop.co.kr/display/mc/product/10036072?with_code=100315&utm_source=hsmoa_ep&utm_medium=cps&utm_campaign=prd_01_%EC%9D%98%EB%A5%98/%EC%96%B8%EB%8D%94%EC%9B%A8%EC%96%B4_10036072&utm_content=mo_schedule&hsmoa_userid=&hsmoa_code=moa
2026-08-18,화,10:31,오전 09-12,bshop,미분류,스케쳐스,[스케쳐스] 여성 고런 아치핏 슬립인스,기타,149000,http://m.skstoa.com/display/goods/67225090?orderMedia=62&mediaCode=EP08&mediaTarget=001&utm_source=hsmoa&utm_medium=affiliate&utm_campaign=hsmoaoffair&hsmoa_userid=&hsmoa_code=moa
2026-08-18,화,10:32,오전 09-12,ssgshop,미분류,종근당 건강,"[종근당건강동행] 락토핏 생유산균 코어맥스 총 480포(180포X2통+30포X4박스, 16개월분)+아보카도오일 2병",건강기능식품,99000,https://m.shinsegaetvshopping.com/display/detail/1002954495?inMediaCode=MC02&ckwhere=hsmser&hsmoa_userid=&hsmoa_code=moa
2026-08-18,화,10:32,오전 09-12,K쇼핑,T커머스,여에스더,(국민영양프로젝트) 여에스더 포스파티딜세린 10박스+ 카무트1박스,기타,89000,http://m.kshop.co.kr/display/mc/product/10187906?with_code=100315&utm_source=hsmoa_ep&utm_medium=cps&utm_campaign=prd_01_%EC%8B%9D%ED%92%88/%EA%B1%B4%EA%B0%95_10187906&utm_content=mo_schedule&hsmoa_userid=&hsmoa_code=moa
2026-08-18,화,10:35,오전 09-12,쇼핑엔티,T커머스,김하진의참맛있는,[방송에서만 2팩 더!!] 김하진 궁중 한우 도가니수육탕 700g × 10팩 + 700g × 2팩 (총 12팩)_실온보관,식품,59900,https://m.shoppingntmall.com/display/goods/15832063?mediaCode=SH04&hsmoa_userid=&hsmoa_code=moa
2026-08-18,화,10:36,오전 09-12,GS샵,TV홈쇼핑,데비마이어,데비마이어 그린박스 14종+유산균 김치통 4종+멀티그린볼,건강기능식품,159000,https://m.gsshop.com/alia/aliaGate.gs?media=LVA&gourl=/prd/prd.gs?prdid=1111591125&hsmoa_userid=&hsmoa_code=moa&utm_source=nscreen&utm_medium=affiliate&utm_campaign=homeshopmoa
2026-08-18,화,10:40,오전 09-12,롯데홈쇼핑,TV홈쇼핑,제로브라,제로브라 인견블렌디드 프리컷 레이스 브라팬티 4세트,패션의류,59900,https://m.lotteimall.com/coop/affilGate.lotte?chl_no=171634&chl_dtl_no=2584694&returnUrl=/goods/viewGoodsDetail.lotte?goods_no=12904932&hsmoa_userid=&hsmoa_code=moa
2026-08-18,화,10:40,오전 09-12,현대홈쇼핑,TV홈쇼핑,우노아레,{우노아레} 18K 아테나(Athena) 목걸이,패션잡화,2899000,https://www.hmall.com/md/pda/itemPtc?utm_source=homemoadata&utm_medium=cps&utm_campaign=sale&ReferCode=s61&slitmCd=2252387396&hsmoa_userid=&hsmoa_code=moa
2026-08-18,화,10:41,오전 09-12,NS홈쇼핑,TV홈쇼핑,[No brand names found.],코단잠 메밀냉감베개 2개 1세트,침구,39900,https://m.nsmall.com/gate?ptnCd=539&hsmoa_userid=&target=/goods/36122815&hsmoa_code=moa
2026-08-18,화,10:45,오전 09-12,CJ온스타일,TV홈쇼핑,ESCADA,"[상시가 239,000원] ESCADA 26SS 썸머 샤이닝 셋업 SET (후디집업+팬츠)",패션의류,239000,https://display.cjonstyle.com/m/item/2082476702?infl_cd=I0482&utm_medium=pcs&utm_source=hsmoa&channelCode=30002002&chn_cd=30002002&hsmoa_userid=&hsmoa_code=moa
2026-08-18,화,19:21,저녁 18-21,W쇼핑,T커머스,여에스더,(방송에서만) 여에스더 리포좀 글루타치온 다이렉트 울트라 9X 6+2박스 (8개월분),기타,198000,https://m.w-shopping.co.kr/display/goods/25443443?mediaCode=MC56&hsmoa_userid=&hsmoa_code=moa
2026-08-18,화,19:30,저녁 18-21,현대홈쇼핑,TV홈쇼핑,포미,[역사상 단한번 초특가] 포미 토마토100% 착즙주스 750ml x 18팩,식품,40900,https://www.hmall.com/md/pda/itemPtc?utm_source=homemoatv&utm_medium=cps&utm_campaign=sale&ReferCode=m20&slitmCd=2252525772&hsmoa_userid=&hsmoa_code=moa
2026-08-18,화,19:31,저녁 18-21,bshop,미분류,선일금고,[선일금고] (100만원 세일)60L 루셀 프리미엄 (UP-060),기타,1190000,http://m.skstoa.com/display/goods/64119553?orderMedia=62&mediaCode=EP08&mediaTarget=001&utm_source=hsmoa&utm_medium=affiliate&utm_campaign=hsmoaoffair&hsmoa_userid=&hsmoa_code=moa
2026-08-18,화,19:32,저녁 18-21,K쇼핑,T커머스,르까프,[Lecaf]르까프 26SS 남성 시그니처 에브리데이 조거 팬츠 4종 세트,패션의류,39900,http://m.kshop.co.kr/display/mc/product/8423741?with_code=100315&utm_source=hsmoa_ep&utm_medium=cps&utm_campaign=prd_01_%EC%8A%A4%ED%8F%AC%EC%B8%A0/%EB%A0%88%EC%A0%80_8423741&utm_content=mo_schedule&hsmoa_userid=&hsmoa_code=moa
2026-08-18,화,19:32,저녁 18-21,K쇼핑,T커머스,보디가드,[보디가드] 26SS 남성 COOL메쉬 드로즈 10종,기타,49900,http://m.kshop.co.kr/display/mc/product/10126940?with_code=100315&utm_source=hsmoa_ep&utm_medium=cps&utm_campaign=prd_01_%EC%9D%98%EB%A5%98/%EC%96%B8%EB%8D%94%EC%9B%A8%EC%96%B4_10126940&utm_content=mo_schedule&hsmoa_userid=&hsmoa_code=moa
2026-08-18,화,19:33,저녁 18-21,쇼핑엔티,T커머스,대한 항공,노랑풍선 장가계 5일/6일 (대한항공+NO선택관광+VIP패스트트랙+370불상당 혜택),여행서비스,,https://m.shoppingntmall.com/display/goods/28487580?mediaCode=SH04&hsmoa_userid=&hsmoa_code=moa
2026-08-18,화,19:35,저녁 18-21,ssgshop,미분류,모두투어,[*특집전]모두투어 시그니처 태항산 4일/5일,여행서비스,,https://m.shinsegaetvshopping.com/display/detail/1003429777?inMediaCode=MC02&ckwhere=hsmser&hsmoa_userid=&hsmoa_code=moa
2026-08-18,화,19:35,저녁 18-21,NS홈쇼핑,TV홈쇼핑,[No brand names found.],여에스더 리포좀 글루타치온 다이렉트 12X 알파 네트워크 12박스(12개월)+글루타치온 3X 1박스(1개월),기타,394000,https://m.nsmall.com/gate?ptnCd=538&hsmoa_userid=&target=/goods/36119587&hsmoa_code=moa
2026-08-18,화,19:35,저녁 18-21,홈앤쇼핑,TV홈쇼핑,졸리줄리,[졸리줄리 썸머향수 99초특가] 그린러쉬 50ml + 어도러블애플 50ml + 프로포레100ml,뷰티,99000,http://m.hnsmall.com/goods/view/82070711?channel_code=20397&utm_source=Hsmoa&utm_medium=AF&utm_campaign=TV_Beauty_82070711&hsmoa_userid=&hsmoa_code=moa
2026-08-18,화,19:35,저녁 18-21,GS샵,TV홈쇼핑,동국 제약,[전무후무단한번] 2026 최신상 마데카크림 에이징포커스 20통 X 최신상 멜라에센스 6통,뷰티,199000,https://m.gsshop.com/alia/aliaGate.gs?media=LUz&gourl=/prd/prd.gs?prdid=1133501490&hsmoa_userid=&hsmoa_code=moa&utm_source=nscreen&utm_medium=affiliate&utm_campaign=homeshopmoa
2026-08-18,화,19:35,저녁 18-21,CJ온스타일,TV홈쇼핑,현대투어존,[여행먼저 크루즈],여행서비스,,https://display.cjonstyle.com/m/item/2033665760?infl_cd=I0101&utm_medium=pcs&utm_source=hsmoa&hsmoa_userid=&hsmoa_code=moa
2026-08-18,화,19:38,저녁 18-21,GS샵,TV홈쇼핑,NDC,[하나투어] 마나도 5일. NO 단체쇼핑. NDC 리조트앤스파. 국적기 왕복직항. 부나켄 호핑투어. 나인아일랜드,여행서비스,,https://m.gsshop.com/alia/aliaGate.gs?media=LVA&gourl=/prd/prd.gs?prdid=1132451802&hsmoa_userid=&hsmoa_code=moa&utm_source=nscreen&utm_medium=affiliate&utm_campaign=homeshopmoa
2026-08-18,화,19:40,저녁 18-21,롯데홈쇼핑,TV홈쇼핑,샤빌,샤빌 프리메쉬 냉감 브라팬티 5세트,패션의류,79800,https://m.lotteimall.com/coop/affilGate.lotte?chl_no=171634&chl_dtl_no=2584694&returnUrl=/goods/viewGoodsDetail.lotte?goods_no=12918551&hsmoa_userid=&hsmoa_code=moa
2026-08-18,화,19:40,저녁 18-21,현대홈쇼핑,TV홈쇼핑,롯데관광,[롯데관광][NO팁NO옵션][대한항공X힐튼호텔] 서안+화산 4일 패키지,여행서비스,,https://www.hmall.com/md/pda/itemPtc?utm_source=homemoadata&utm_medium=cps&utm_campaign=sale&ReferCode=s61&slitmCd=2252536290&hsmoa_userid=&hsmoa_code=moa
2026-08-18,화,19:42,저녁 18-21,NS홈쇼핑,TV홈쇼핑,,조리기능장 임성근의 진 삼계탕 1kgX8팩,식품,49900,https://m.nsmall.com/gate?ptnCd=539&hsmoa_userid=&target=/goods/35105388&hsmoa_code=moa
2026-08-18,화,19:45,저녁 18-21,CJ온스타일,TV홈쇼핑,비비안,프리미엄 여름 파자마 상하의 2세트(여성),패션의류,59900,https://display.cjonstyle.com/m/item/2083522442?infl_cd=I0482&utm_medium=pcs&utm_source=hsmoa&channelCode=30002002&chn_cd=30002002&hsmoa_userid=&hsmoa_code=moa
2026-08-18,화,20:12,저녁 18-21,K쇼핑,T커머스,에넥스,에넥스 밀라노 스타일 이태리 천연면피 통가죽 3인 소파,가구인테리어,2298000,http://m.kshop.co.kr/display/mc/product/9642950?with_code=100315&utm_source=hsmoa_ep&utm_medium=cps&utm_campaign=prd_01_%EA%B0%80%EA%B5%AC/%EC%9D%B8%ED%85%8C%EB%A6%AC%EC%96%B4_9642950&utm_content=mo_schedule&hsmoa_userid=&hsmoa_code=moa
2026-08-18,화,20:12,저녁 18-21,K쇼핑,T커머스,보디가드,[보디가드] 26SS 남성 COOL메쉬 드로즈 10종,기타,49900,http://m.kshop.co.kr/display/mc/product/8525613?with_code=100315&utm_source=hsmoa_ep&utm_medium=cps&utm_campaign=prd_01_%EC%9D%98%EB%A5%98/%EC%96%B8%EB%8D%94%EC%9B%A8%EC%96%B4_8525613&utm_content=mo_schedule&hsmoa_userid=&hsmoa_code=moa
2026-08-18,화,20:23,저녁 18-21,W쇼핑,T커머스,라이나,라이나생명 (무)새로담는 간편건강보험 ( : 신세계상품권 최대 3만원),여행서비스,,https://m.w-shopping.co.kr/display/goods/24739750?mediaCode=MC04&hsmoa_userid=&hsmoa_code=moa
2026-08-18,화,20:31,저녁 18-21,bshop,미분류,사임당,[사임당] 발패치 60매+(방송에서만)무료체험 10매,기타,59800,http://m.skstoa.com/display/goods/63250834?orderMedia=62&mediaCode=EP01&mediaTarget=001&utm_source=hsmoa&utm_medium=affiliate&utm_campaign=hsmoaonair&hsmoa_userid=&hsmoa_code=moa
2026-08-18,화,20:32,저녁 18-21,K쇼핑,T커머스,르 투아,"[런칭가69,900원] 26SS 르투아 린넨 셔츠자켓+민소매블라우스 2종",패션의류,44000,http://m.kshop.co.kr/display/mc/product/8500931?with_code=000155&utm_source=hsmoa_ep&utm_medium=cps&utm_campaign=prd_01_%EC%9D%98%EB%A5%98/%EC%96%B8%EB%8D%94%EC%9B%A8%EC%96%B4_8500931&utm_content=mo_schedule&hsmoa_userid=&hsmoa_code=moa
2026-08-18,화,20:32,저녁 18-21,K쇼핑,T커머스,에이스바이옴,[비에날씬](BNR17)다이어트유산균 9박스+슬림플러스2박스+진공 스팀다리미,건강기능식품,548000,http://m.kshop.co.kr/display/mc/product/10084283?with_code=000004&utm_source=hsmoa_ep&utm_medium=cps&utm_campaign=prd_01_%EC%8B%9D%ED%92%88/%EA%B1%B4%EA%B0%95_10084283&utm_content=mo_schedule&hsmoa_userid=&hsmoa_code=moa
2026-08-18,화,20:33,저녁 18-21,쇼핑엔티,T커머스,[No brand names found.],[50%세일] 골드 카무트 효소 12박스 + 파로 5봉 + 복부마사지기,기타,198000,https://m.shoppingntmall.com/display/goods/28268026?mediaCode=MC04&hsmoa_userid=&hsmoa_code=moa
2026-08-18,화,20:35,저녁 18-21,ssgshop,미분류,대한항공,"[여행의신세계]참좋은여행 운남성일주(곤명/대리/여강+샹그릴라) 5/6일 노옵션,대한항공",여행서비스,,https://m.shinsegaetvshopping.com/display/detail/1003387863?inMediaCode=MC02&ckwhere=hsm_live&hsmoa_userid=&hsmoa_code=moa
2026-08-18,화,20:35,저녁 18-21,NS홈쇼핑,TV홈쇼핑,[No brand names found.],뼈엔 MBP 12박스+식물성 오메가3 600 미니 2박스,건강기능식품,459000,https://m.nsmall.com/gate?ptnCd=481&hsmoa_userid=&target=/goods/35940859&hsmoa_code=moa
2026-08-18,화,20:38,저녁 18-21,GS샵,TV홈쇼핑,세포랩,세포랩 스페셜 에디션 93% 155ml 4병+30ml 4병+100ml 1병+스프레이캡,기타,289000,https://m.gsshop.com/alia/aliaGate.gs?media=LGx&gourl=/prd/prd.gs?prdid=1129921305&hsmoa_userid=&hsmoa_code=moa&utm_source=nscreen&utm_medium=affiliate&utm_campaign=homeshopmoa
2026-08-18,화,20:40,저녁 18-21,롯데홈쇼핑,TV홈쇼핑,루미에르,[방송구성]루미에르 LED 호텔형 수납침대 풀패키지 (라지킹/LK),가구인테리어,1699000,https://m.lotteimall.com/coop/affilGate.lotte?chl_no=160210&chl_dtl_no=2566413&returnUrl=/goods/viewGoodsDetail.lotte?goods_no=12893701&hsmoa_userid=&hsmoa_code=moa
2026-08-18,화,20:40,저녁 18-21,현대홈쇼핑,TV홈쇼핑,뼈엔 엠비피,[추가구성: 오메가3 2박스]뼈엔 엠비피 MBP 12개월분(130mgX30정X12박스),건강기능식품,459000,https://www.hmall.com/md/pda/itemPtc?utm_source=homemoadata&utm_medium=cps&utm_campaign=sale&ReferCode=dm1&slitmCd=2248985620&hsmoa_userid=&hsmoa_code=moa
2026-08-18,화,20:43,저녁 18-21,NS홈쇼핑,TV홈쇼핑,테팔,테팔 무선청소기 엑스퍼트 6.60,가전,179000,https://m.nsmall.com/gate?ptnCd=536&hsmoa_userid=&target=/goods/35924478&hsmoa_code=moa
2026-08-18,화,20:45,저녁 18-21,GS샵,TV홈쇼핑,[No brand names found.],[상담만 받아도 특별한혜택] (무)원스톱프리미엄암보험_치료비플랜,여행서비스,,https://m.gsshop.com/alia/aliaGate.gs?media=LAr&gourl=https://insu.gsshop.com/Product.do?cmd=read&flag=info&company_cd=L52&product_cd=L52123&product_type=102&product_display_type=38&mediafrtv=Me&MALIVE=Y
2026-08-18,화,20:45,저녁 18-21,홈앤쇼핑,TV홈쇼핑,KAMUT,[50%세일][KAMUT]골드카무트 효소 11박스+파로 8봉+저당밥솥 1개,가전,181500,http://m.hnsmall.com/goods/view/83247776?channel_code=20214&utm_source=Hsmoa&utm_medium=AF&utm_campaign=TV_None_83247776&hsmoa_userid=&hsmoa_code=moa
2026-08-18,화,20:45,저녁 18-21,CJ온스타일,TV홈쇼핑,이롬,[이승연쇼] 황성주 박사의 라이프밀6+2+프로틴3박스+흔들컵2,건강기능식품,298000,https://display.cjonstyle.com/m/item/2079465499?infl_cd=I0278&utm_medium=pcs&utm_source=hsmoa&channelCode=30002002&chn_cd=30002002&hsmoa_userid=&hsmoa_code=moa
2026-08-18,화,20:45,저녁 18-21,CJ온스타일,TV홈쇼핑,비 에 날씬 프로,[최다 11개월] 프로 다이어트 유산균 10개월분+슬림플러스 1개월분,건강기능식품,599000,https://display.cjonstyle.com/m/item/2083182833?infl_cd=I0367&utm_medium=pcs&utm_source=hsmoa&hsmoa_userid=&hsmoa_code=moa
2026-08-18,화,20:45,저녁 18-21,롯데홈쇼핑,TV홈쇼핑,[No brand names found.],18K 골드 랩다이아몬드 2캐럿 솔리테어 목걸이 + IGI 감정서 + 18K 럭키빈 펜던트 목걸이 + 18K 골든볼 천연석 목걸이 + 14K 골든볼 펜던트 천연석 목걸이,패션잡화,1699000,https://m.lotteimall.com/coop/affilGate.lotte?chl_no=139564&chl_dtl_no=2538702&returnUrl=/goods/viewGoodsDetail.lotte?goods_no=12919026&hsmoa_userid=&hsmoa_code=moa
2026-08-18,화,20:45,저녁 18-21,롯데홈쇼핑,TV홈쇼핑,18K,18K 골드 랩그로운 에메랄드 테니스 팔찌 (총 4.0캐럿) + 18K 럭키빈 펜던트 목걸이 + 18K 골든볼 천연석 목걸이,패션잡화,3590000,https://m.lotteimall.com/coop/affilGate.lotte?chl_no=139564&chl_dtl_no=2538702&returnUrl=/goods/viewGoodsDetail.lotte?goods_no=12913130
2026-08-18,화,20:45,저녁 18-21,롯데홈쇼핑,TV홈쇼핑,18K,18K 골드 랩다이아몬드 프시케 그라데이션 테니스 팔찌 (총 12.5캐럿) + 18K 럭키빈 펜던트 목걸이 + 18K 골든볼 천연석 목걸이,패션잡화,3690000,https://m.lotteimall.com/coop/affilGate.lotte?chl_no=139564&chl_dtl_no=2538702&returnUrl=/goods/viewGoodsDetail.lotte?goods_no=12913129
2026-08-18,화,20:45,저녁 18-21,롯데홈쇼핑,TV홈쇼핑,18K,18K 골드 랩그로운 에메랄드 이터니티 반지 + 18K 클래식 반지 + 18K 골든볼 천연석 목걸이,패션잡화,990000,https://m.lotteimall.com/coop/affilGate.lotte?chl_no=139564&chl_dtl_no=2538702&returnUrl=/goods/viewGoodsDetail.lotte?goods_no=12913127
2026-08-18,화,20:45,저녁 18-21,롯데홈쇼핑,TV홈쇼핑,18K,18K 골드 랩다이아몬드 이터니티 반지 + 18K 클래식 반지 + 18K 골든볼 천연석 목걸이,패션잡화,1050000,https://m.lotteimall.com/coop/affilGate.lotte?chl_no=139564&chl_dtl_no=2538702&returnUrl=/goods/viewGoodsDetail.lotte?goods_no=12913126
2026-08-18,화,20:45,저녁 18-21,롯데홈쇼핑,TV홈쇼핑,18K,18K 골드 랩다이아몬드 2캐럿 솔리테어 귀걸이 + IGI 감정서 + 18K 럭키빈 펜던트 목걸이 + 18K 골든볼 천연석 목걸이,패션잡화,1490000,https://m.lotteimall.com/coop/affilGate.lotte?chl_no=139564&chl_dtl_no=2538702&returnUrl=/goods/viewGoodsDetail.lotte?goods_no=12913124
2026-08-18,화,20:45,저녁 18-21,롯데홈쇼핑,TV홈쇼핑,18K,18K 골드 랩다이아몬드 2캐럿 원터치 귀걸이 + IGI 감정서 + 18K 럭키빈 펜던트 목걸이 + 18K 골든볼 천연석 목걸이,패션잡화,1590000,https://m.lotteimall.com/coop/affilGate.lotte?chl_no=139564&chl_dtl_no=2538702&returnUrl=/goods/viewGoodsDetail.lotte?goods_no=12913125
2026-08-18,화,20:45,저녁 18-21,롯데홈쇼핑,TV홈쇼핑,18K,18K 골드 랩다이아몬드 3캐럿 오벌 반지 + IGI 감정서 + 18K 클래식 반지 + 18K 골든볼 천연석 목걸이,패션잡화,3290000,https://m.lotteimall.com/coop/affilGate.lotte?chl_no=139564&chl_dtl_no=2538702&returnUrl=/goods/viewGoodsDetail.lotte?goods_no=12913123
2026-08-18,화,20:45,저녁 18-21,롯데홈쇼핑,TV홈쇼핑,18K,18K 골드 랩다이아몬드 1캐럿 반지 + IGI 감정서 + 18K 클래식 반지 + 18K 골든볼 천연석 목걸이,패션잡화,1780000,https://m.lotteimall.com/coop/affilGate.lotte?chl_no=139564&chl_dtl_no=2538702&returnUrl=/goods/viewGoodsDetail.lotte?goods_no=12913122
2026-08-18,화,20:45,저녁 18-21,롯데홈쇼핑,TV홈쇼핑,18K,18K 골드 랩다이아몬드 3캐럿 솔리테어 목걸이 + IGI 감정서 + 18K 럭키빈 펜던트 목걸이 + 18K 골든볼 천연석 목걸이,패션잡화,3090000,https://m.lotteimall.com/coop/affilGate.lotte?chl_no=139564&chl_dtl_no=2538702&returnUrl=/goods/viewGoodsDetail.lotte?goods_no=12913120
2026-08-18,화,21:23,밤 21-24,W쇼핑,T커머스,넥센,[상담예약] 넥센타이어 렌탈 NEXT LEVEL,여행서비스,,https://m.w-shopping.co.kr/display/goods/25655724?mediaCode=MC04&hsmoa_userid=&hsmoa_code=moa
2026-08-18,화,21:31,밤 21-24,bshop,미분류,코지마,[코지마] (최종가)(상품평이벤트)코지마 안마의자 데코르 CMC-A35+전용러그,가전,2080000,http://m.skstoa.com/display/goods/66446316?orderMedia=62&mediaCode=EP01&mediaTarget=001&utm_source=hsmoa&utm_medium=affiliate&utm_campaign=hsmoaonair&hsmoa_userid=&hsmoa_code=moa
2026-08-18,화,21:32,밤 21-24,K쇼핑,T커머스,이온폴리스,이온폴리스 픽수 전환밸브형 구강세정기,가전,59800,http://m.kshop.co.kr/display/mc/product/10033026?with_code=000155&utm_source=hsmoa_ep&utm_medium=cps&utm_campaign=prd_01_%EA%B0%80%EC%A0%84/%EB%94%94%EC%A7%80%ED%84%B8_10033026&utm_content=mo_schedule&hsmoa_userid=&hsmoa_code=moa
2026-08-18,화,21:33,밤 21-24,K쇼핑,T커머스,바디 프랜드,"바디프랜드 NEW 팔콘 마사지체어(월1만원대~, 항공권 총 1000만 추첨)",여행서비스,,http://m.kshop.co.kr/display/mc/product/10121100?with_code=000004&utm_source=hsmoa_ep&utm_medium=cps&utm_campaign=prd_01_%EC%97%AC%ED%96%89/%EB%AC%B8%ED%99%94_10121100&utm_content=mo_schedule&hsmoa_userid=&hsmoa_code=moa
2026-08-18,화,21:34,밤 21-24,쇼핑엔티,T커머스,바른투어,바른투어 태항산 5일 (NO선택관광+320불 상당 유료관광 포함+VIP버스),여행서비스,,https://m.shoppingntmall.com/display/goods/28487576?mediaCode=MC04&hsmoa_userid=&hsmoa_code=moa
2026-08-18,화,21:36,밤 21-24,ssgshop,미분류,가누다,"[삼성카드, 할인](단독/방송에서만) 가누다 블루라벨 피아노 베개 2개 세트 (+머리냅 1개)",침구,298000,https://m.shinsegaetvshopping.com/display/detail/1000787742?inMediaCode=MC02&ckwhere=hsm_live&hsmoa_userid=&hsmoa_code=moa
2026-08-18,화,21:38,밤 21-24,GS샵,TV홈쇼핑,글램팜,글램팜 더컬패키지 GP201미용실고데기+GP103CV핑크미니고데기+블랙파우치 3종모두 파격가,패션잡화,249000,https://m.gsshop.com/alia/aliaGate.gs?media=LGx&gourl=/prd/prd.gs?prdid=1105090167&hsmoa_userid=&hsmoa_code=moa&utm_source=nscreen&utm_medium=affiliate&utm_campaign=homeshopmoa
2026-08-18,화,21:40,밤 21-24,롯데홈쇼핑,TV홈쇼핑,No brand names found.,보물섬투어 푸꾸옥VS나트랑 5일 패키지,여행서비스,,https://m.lotteimall.com/coop/affilGate.lotte?chl_no=160210&chl_dtl_no=2566413&returnUrl=/goods/viewGoodsDetail.lotte?goods_no=12917421&hsmoa_userid=&hsmoa_code=moa
2026-08-18,화,21:40,밤 21-24,현대홈쇼핑,TV홈쇼핑,No brand names found.,[NO옵션][4인 이상 풀빌라] 푸꾸옥 5일 or 다낭/호이안 5일 or 나트랑/달랏 5일,여행서비스,,https://www.hmall.com/md/pda/itemPtc?utm_source=homemoadata&utm_medium=cps&utm_campaign=sale&ReferCode=dm1&slitmCd=2252626910&hsmoa_userid=&hsmoa_code=moa
2026-08-18,화,21:40,밤 21-24,NS홈쇼핑,TV홈쇼핑,어부예찬,어부예찬 국내산 촉촉오징어 왕특대 8미(2미X4봉)+오징어채 1봉(50g),식품,89900,https://m.nsmall.com/gate?ptnCd=481&hsmoa_userid=&target=/goods/35661160&hsmoa_code=moa
2026-08-18,화,21:43,밤 21-24,NS홈쇼핑,TV홈쇼핑,유로 컬렉션,유로컬렉션 호주산 양모 후드 하프코트,패션의류,99000,https://m.nsmall.com/gate?ptnCd=539&hsmoa_userid=&target=/goods/36094450&hsmoa_code=moa
2026-08-18,화,21:45,밤 21-24,GS샵,TV홈쇼핑,코어,코어 어센틱 레더 버뮤다,기타,139900,https://m.gsshop.com/alia/aliaGate.gs?media=LAr&gourl=/prd/prd.gs?prdid=1088731921
2026-08-18,화,21:45,밤 21-24,GS샵,TV홈쇼핑,코어,코어 어센틱 레더 스커트,패션의류,129900,https://m.gsshop.com/alia/aliaGate.gs?media=LAr&gourl=/prd/prd.gs?prdid=1088731976
2026-08-18,화,21:45,밤 21-24,GS샵,TV홈쇼핑,코어,"코어 어센틱 캐시울 데미지 니트 [런칭 가격 99,900원]",패션의류,49900,https://m.gsshop.com/alia/aliaGate.gs?media=LAr&gourl=/prd/prd.gs?prdid=1088842876
2026-08-18,화,21:45,밤 21-24,GS샵,TV홈쇼핑,코어,"코어 어센틱 벨티드 더블페이스 핸메 코트 [런칭 가격 179,900원]",패션의류,99900,https://m.gsshop.com/alia/aliaGate.gs?media=LAr&gourl=/prd/prd.gs?prdid=1088843532
2026-08-18,화,21:45,밤 21-24,GS샵,TV홈쇼핑,코어,코어 어센틱 26FW 실크 브이넥 니트 3종,패션의류,89900,https://m.gsshop.com/alia/aliaGate.gs?media=LAr&gourl=/prd/prd.gs?prdid=1130178155
2026-08-18,화,21:45,밤 21-24,GS샵,TV홈쇼핑,코어,코어 어센틱 26FW 크롭 배럴 트라우저,기타,59900,https://m.gsshop.com/alia/aliaGate.gs?media=LAr&gourl=/prd/prd.gs?prdid=1130177868
2026-08-18,화,21:45,밤 21-24,GS샵,TV홈쇼핑,코어,"코어 어센틱 리얼 하이넥 무스탕+미니백 [런칭 가격 799,900원]",기타,599900,https://m.gsshop.com/alia/aliaGate.gs?media=LAr&gourl=/prd/prd.gs?prdid=1088736529
2026-08-18,화,21:45,밤 21-24,GS샵,TV홈쇼핑,코어,코어 어센틱 26FW 스트레이트 레그 데님,패션의류,59900,https://m.gsshop.com/alia/aliaGate.gs?media=LAr&gourl=/prd/prd.gs?prdid=1130178389
2026-08-18,화,21:45,밤 21-24,GS샵,TV홈쇼핑,코어,코어 어센틱 26FW 배럴 레그 데님,패션의류,69900,https://m.gsshop.com/alia/aliaGate.gs?media=LAr&gourl=/prd/prd.gs?prdid=1130082736
2026-08-18,화,21:45,밤 21-24,롯데홈쇼핑,TV홈쇼핑,AHC,★폴인레드패키지★ AHC 최신상 풀 리프트 아이크림 포 페이스 18통+체험분 2개+레드기초 2종(컨센트레이트+크림),뷰티,169000,https://m.lotteimall.com/coop/affilGate.lotte?chl_no=171633&chl_dtl_no=2584697&returnUrl=/goods/viewGoodsDetail.lotte?goods_no=12918051&hsmoa_userid=&hsmoa_code=moa
2026-08-18,화,21:45,밤 21-24,공영쇼핑,TV홈쇼핑,,강병원 한우투뿔 스테이크 130gx10팩,식품,69900,http://m.gongyoungshop.kr/gate/selectAliance.do?alcLnkCd=hsmoa&tgUrl=/goods/selectGoodsDetail.do?prdId=11929715
2026-08-18,화,21:45,밤 21-24,홈앤쇼핑,TV홈쇼핑,여에스더,[국민영양] 여에스더 PS 포스파티딜세린 10박스(20주분) + 카무트효소1박스,기타,89000,http://m.hnsmall.com/goods/view/82385304?channel_code=20397&utm_source=Hsmoa&utm_medium=AF&utm_campaign=TV_None_82385304&hsmoa_userid=&hsmoa_code=moa
2026-08-18,화,21:45,밤 21-24,현대홈쇼핑,TV홈쇼핑,t way,[비즈니스 클래스] 스페인+포르투갈 9일,여행서비스,,https://www.hmall.com/md/pda/itemPtc?utm_source=homemoatv&utm_medium=cps&utm_campaign=sale&ReferCode=s60&slitmCd=2252646544&hsmoa_userid=&hsmoa_code=moa
2026-08-18,화,21:45,밤 21-24,GS샵,TV홈쇼핑,코어 어센틱,코어 어센틱 26FW 릴렉스핏 블레이저,기타,89900,https://m.gsshop.com/alia/aliaGate.gs?media=LUz&gourl=/prd/prd.gs?prdid=1130177116&hsmoa_userid=&hsmoa_code=moa&utm_source=nscreen&utm_medium=affiliate&utm_campaign=homeshopmoa
2026-08-18,화,21:45,밤 21-24,CJ온스타일,TV홈쇼핑,원더 바스,레몬청 클렌저_허니&레몬 기본패키지(클렌저5+선크림2),뷰티,89000,https://display.cjonstyle.com/m/item/2084667231?infl_cd=I0482&utm_medium=pcs&utm_source=hsmoa&channelCode=30002002&chn_cd=30002002&hsmoa_userid=&hsmoa_code=moa
2026-08-18,화,21:45,밤 21-24,CJ온스타일,TV홈쇼핑,하이원,[2박 4인]하이원 올인클루시브 패키지,여행서비스,279000,https://display.cjonstyle.com/m/item/2086587845?infl_cd=I0101&utm_medium=pcs&utm_source=hsmoa&hsmoa_userid=&hsmoa_code=moa
2026-08-18,화,22:24,밤 21-24,W쇼핑,T커머스,히트 락,★트롯가수 김용빈 추천★에코센스 히트락 올트라이탄 밀폐용기 12종 +핸들형2.5L 2종 (총14종),생활용품,79800,https://m.w-shopping.co.kr/display/goods/25005677?mediaCode=MC56&hsmoa_userid=&hsmoa_code=moa
2026-08-18,화,22:31,밤 21-24,bshop,미분류,니카사,[니카사] (방송에서만)니카사 진공흡착 스팀다리미 시즌2,생활용품,198000,http://m.skstoa.com/display/goods/65902985?orderMedia=62&mediaCode=EP08&mediaTarget=001&utm_source=hsmoa&utm_medium=affiliate&utm_campaign=hsmoaoffair&hsmoa_userid=&hsmoa_code=moa
2026-08-18,화,22:33,밤 21-24,쇼핑엔티,T커머스,교원투어,[교원투어] 백두산 서파+북파 4일 (NO기사가이드경비/NO선택관광),여행서비스,,https://m.shoppingntmall.com/display/goods/28498463?mediaCode=SH04&hsmoa_userid=&hsmoa_code=moa
2026-08-18,화,22:33,밤 21-24,K쇼핑,T커머스,도미솔,[도미솔] 절구통 보리 포기김치 10kg,식품,49900,http://m.kshop.co.kr/display/mc/product/6764082?with_code=100315&utm_source=hsmoa_ep&utm_medium=cps&utm_campaign=prd_01_%EC%8B%9D%ED%92%88/%EA%B1%B4%EA%B0%95_6764082&utm_content=mo_schedule&hsmoa_userid=&hsmoa_code=moa
2026-08-18,화,22:33,밤 21-24,K쇼핑,T커머스,핏테라,핏테라 더블 무릎보호대 2세트,기타,49800,http://m.kshop.co.kr/display/mc/product/10190209?with_code=100315&utm_source=hsmoa_ep&utm_medium=cps&utm_campaign=prd_01_%EC%8B%9D%ED%92%88/%EA%B1%B4%EA%B0%95_10190209&utm_content=mo_schedule&hsmoa_userid=&hsmoa_code=moa
2026-08-18,화,22:36,밤 21-24,ssgshop,미분류,여행의신세계,[여행의신세계]여기어때 장가계 5일 2대야경+5성급호텔 4연박 299천원/399천원,여행서비스,,https://m.shinsegaetvshopping.com/display/detail/1003096009?inMediaCode=MC02&ckwhere=hsmser&hsmoa_userid=&hsmoa_code=moa
2026-08-18,화,22:38,밤 21-24,GS샵,TV홈쇼핑,내셔널 지오그래픽,내셔널지오그래픽 오르비스 캐리어 여행가방세트,패션잡화,328000,https://m.gsshop.com/alia/aliaGate.gs?media=LVA&gourl=/prd/prd.gs?prdid=1104624969&hsmoa_userid=&hsmoa_code=moa&utm_source=nscreen&utm_medium=affiliate&utm_campaign=homeshopmoa
2026-08-18,화,22:40,밤 21-24,롯데홈쇼핑,TV홈쇼핑,베리 타 코리아,*옥스클로즈 후드 트렌치 코트 (81041851/ 81041861),패션의류,1590000,https://m.lotteimall.com/coop/affilGate.lotte?chl_no=171634&chl_dtl_no=2584694&returnUrl=/goods/viewGoodsDetail.lotte?goods_no=12919613&hsmoa_userid=&hsmoa_code=moa
2026-08-18,화,22:40,밤 21-24,현대홈쇼핑,TV홈쇼핑,,베스트넛츠 프리미엄 견과 100봉 (20g x 20봉 x 5박스),패션의류,89900,https://www.hmall.com/md/pda/itemPtc?utm_source=homemoatv&utm_medium=cps&utm_campaign=sale&ReferCode=dm1&slitmCd=2238849307
2026-08-18,화,22:43,밤 21-24,NS홈쇼핑,TV홈쇼핑,[No brand names found.],프리미엄 오한진의 백세알부민 1박스(30병),기타,129000,https://m.nsmall.com/gate?ptnCd=539&hsmoa_userid=&target=/goods/36072198&hsmoa_code=moa
2026-08-18,화,22:45,밤 21-24,NS홈쇼핑,TV홈쇼핑,쿠쿠,쿠쿠 인스퓨어 미니100 초소형 정수기(CP-AMS100EWH),가전,,https://m.nsmall.com/gate?ptnCd=538&hsmoa_userid=&target=/goods/36087001&hsmoa_code=moa
2026-08-18,화,22:45,밤 21-24,CJ온스타일,TV홈쇼핑,락포트,NEW 에어로컴포트 스니커즈 (여성),패션잡화,109000,https://display.cjonstyle.com/m/item/2082065352?infl_cd=I0482&utm_medium=pcs&utm_source=hsmoa&channelCode=30002002&chn_cd=30002002&hsmoa_userid=&hsmoa_code=moa
2026-08-18,화,22:50,밤 21-24,공영쇼핑,TV홈쇼핑,명진,"[명진] 손질통오징어 100g×20미 (1팩/2미, 총 10팩)",식품,39900,http://m.gongyoungshop.kr/gate/selectAliance.do?alcLnkCd=hsmtv&tgUrl=/goods/selectGoodsDetail.do?prdId=11943482&hsmoa_userid=&hsmoa_code=moa
2026-08-18,화,22:55,밤 21-24,롯데홈쇼핑,TV홈쇼핑,쿼드 쎄라,[풀패키지구성]★최신상★쿼드쎄라 펜타 기기+포헤르츠 마스크젤 80g*3통+포헤르츠 히알라겐 버블 세럼 70ml,뷰티,870000,https://m.lotteimall.com/coop/affilGate.lotte?chl_no=171633&chl_dtl_no=2584697&returnUrl=/goods/viewGoodsDetail.lotte?goods_no=12917134&hsmoa_userid=&hsmoa_code=moa
2026-08-18,화,22:55,밤 21-24,홈앤쇼핑,TV홈쇼핑,지프,[JEEP] 26SS 남성 면팬츠 2종,패션의류,39000,http://m.hnsmall.com/goods/view/73438528?channel_code=20397&utm_source=Hsmoa&utm_medium=AF&utm_campaign=TV_Fashion_73438528&hsmoa_userid=&hsmoa_code=moa
2026-08-18,화,22:55,밤 21-24,현대홈쇼핑,TV홈쇼핑,사포니피치오,[이탈리아 피렌체 직수입] [8/11 통관 최초 공개] 사포니피치오 피렌체 리퀴드 솝 더블 패키지 (6병),기타,159000,https://www.hmall.com/md/pda/itemPtc?utm_source=homemoatv&utm_medium=cps&utm_campaign=sale&ReferCode=s60&slitmCd=2252672074&hsmoa_userid=&hsmoa_code=moa
2026-08-18,화,23:15,밤 21-24,CJ온스타일,TV홈쇼핑,더엣지,폭스퍼 헝가리구스 롱다운,패션의류,159500,https://display.cjonstyle.com/m/item/2069751540?infl_cd=I0482&utm_medium=pcs&utm_source=hsmoa&channelCode=30002002&chn_cd=30002002&hsmoa_userid=&hsmoa_code=moa
2026-08-18,화,23:24,밤 21-24,W쇼핑,T커머스,케라셀네일,[오직 방송에서만] 케라셀네일 손발톱영양케어세트 (본품 3개 + 풋크림 1개),뷰티,69900,https://m.w-shopping.co.kr/display/goods/24460291?mediaCode=MC56&hsmoa_userid=&hsmoa_code=moa
2026-08-18,화,23:31,밤 21-24,bshop,미분류,플루,[플루] (최대용량)슈퍼비타 스크럽 바디워시(500g*5 + 200g*2),뷰티,59900,http://m.skstoa.com/display/goods/63759397?orderMedia=62&mediaCode=EP08&mediaTarget=001&utm_source=hsmoa&utm_medium=affiliate&utm_campaign=hsmoaoffair&hsmoa_userid=&hsmoa_code=moa
2026-08-18,화,23:33,밤 21-24,쇼핑엔티,T커머스,라이나생명,라이나생명 (무)새로담는간편건강보험(해약환급금미지급형_갱신형)(신세계상품권 3만원),여행서비스,,https://m.shoppingntmall.com/display/goods/28403851?mediaCode=SH04&hsmoa_userid=&hsmoa_code=moa
2026-08-18,화,23:33,밤 21-24,K쇼핑,T커머스,GGPX,[론칭가699][GGPX] 26SS 글리터 후디 셋업4종,패션의류,49900,http://m.kshop.co.kr/display/mc/product/8670532?with_code=100315&utm_source=hsmoa_ep&utm_medium=cps&utm_campaign=prd_01_%EC%9D%98%EB%A5%98/%EC%96%B8%EB%8D%94%EC%9B%A8%EC%96%B4_8670532&utm_content=mo_schedule&hsmoa_userid=&hsmoa_code=moa
2026-08-18,화,23:33,밤 21-24,K쇼핑,T커머스,코오롱,코오롱모빌리티그룹 신차장기렌터카(상담) / 배민 총 500만원추첨,여행서비스,,http://m.kshop.co.kr/display/mc/product/10372008?with_code=100315&utm_source=hsmoa_ep&utm_medium=cps&utm_campaign=prd_01_%EC%97%AC%ED%96%89/%EB%AC%B8%ED%99%94_10372008&utm_content=mo_schedule&hsmoa_userid=&hsmoa_code=moa
2026-08-18,화,23:37,밤 21-24,ssgshop,미분류,닥터,[삼성카드][단독! 최신상!] 닥터3 엑소좀 리페어 글로우 팩트 (본품10g*2개 + 리필10g*3개),기타,62900,https://m.shinsegaetvshopping.com/display/detail/1000789736?inMediaCode=MC02&ckwhere=hsmser&hsmoa_userid=&hsmoa_code=moa
2026-08-18,화,23:38,밤 21-24,GS샵,TV홈쇼핑,테이핑테크,테이핑테크 슬개건 보호대 2세트,기타,39800,https://m.gsshop.com/alia/aliaGate.gs?media=LVA&gourl=/prd/prd.gs?prdid=1104374623&hsmoa_userid=&hsmoa_code=moa&utm_source=nscreen&utm_medium=affiliate&utm_campaign=homeshopmoa
2026-08-18,화,23:40,밤 21-24,롯데홈쇼핑,TV홈쇼핑,질경이,★더블/8박스★ 질경이 이너케어 3개입 x 8박스(박스 구성 內 무료체험분 1개입 포함)+페미닌 티슈 2팩,기타,89000,https://m.lotteimall.com/coop/affilGate.lotte?chl_no=171634&chl_dtl_no=2584694&returnUrl=/goods/viewGoodsDetail.lotte?goods_no=12864749&hsmoa_userid=&hsmoa_code=moa
2026-08-18,화,23:40,밤 21-24,현대홈쇼핑,TV홈쇼핑,엠베스트,[메가스터디교육] 엠베스트 중등학습 상담예약,패션의류,,https://www.hmall.com/md/pda/itemPtc?utm_source=homemoadata&utm_medium=cps&utm_campaign=sale&ReferCode=s61&slitmCd=2108902665&hsmoa_userid=&hsmoa_code=moa
2026-08-18,화,23:43,밤 21-24,NS홈쇼핑,TV홈쇼핑,No brand names found.,보람피플 스마트299 가전+상품권,여행서비스,,https://m.nsmall.com/gate?ptnCd=539&hsmoa_userid=&target=/goods/36093087&hsmoa_code=moa
2026-08-18,화,23:45,밤 21-24,CJ온스타일,TV홈쇼핑,Cacharel,"[최초가 79,900원] 26S/S 시스루 스팽글 케이프니트 3종+캐미솔 세트",패션의류,39900,https://display.cjonstyle.com/m/item/2078850932?infl_cd=I0482&utm_medium=pcs&utm_source=hsmoa&channelCode=30002002&chn_cd=30002002&hsmoa_userid=&hsmoa_code=moa
2026-08-18,화,23:50,밤 21-24,NS홈쇼핑,TV홈쇼핑,No brand names found.,(이태리직수입)마이베스트백 자카드백(라지),패션의류,349000,https://m.nsmall.com/gate?ptnCd=538&hsmoa_userid=&target=/goods/36065694&hsmoa_code=moa
2026-08-18,화,23:55,밤 21-24,롯데홈쇼핑,TV홈쇼핑,[No brand names found.],★최다구성★☆한창서패키지☆ 독일 직수입 슈라멕 블레미쉬밤 클래식 30ml 4통+♡리뷰시♡ 본품 1통 더+체험분 2매+브러쉬+파우치+퍼프,패션잡화,198000,https://m.lotteimall.com/coop/affilGate.lotte?chl_no=171633&chl_dtl_no=2584697&returnUrl=/goods/viewGoodsDetail.lotte?goods_no=12919066&hsmoa_userid=&hsmoa_code=moa
2026-08-18,화,23:55,밤 21-24,홈앤쇼핑,TV홈쇼핑,홀베리,[방송에서만 50%] 홀베리 유기농 레몬즙 12박스(168포),식품,99900,http://m.hnsmall.com/goods/view/82190979?channel_code=20397&utm_source=Hsmoa&utm_medium=AF&utm_campaign=TV_None_82190979&hsmoa_userid=&hsmoa_code=moa
2026-08-18,화,23:55,밤 21-24,현대홈쇼핑,TV홈쇼핑,현대해상,현대해상 두배받는암보험,여행서비스,,https://www.hmall.com/md/pda/itemPtc?utm_source=homemoatv&utm_medium=cps&utm_campaign=sale&ReferCode=s60&slitmCd=2206929114&hsmoa_userid=&hsmoa_code=moa
2026-08-18,화,23:55,밤 21-24,GS샵,TV홈쇼핑,해리메이슨,해리메이슨 플러피백 4종,기타,99000,https://m.gsshop.com/alia/aliaGate.gs?media=LUz&gourl=/prd/prd.gs?prdid=1133197288&hsmoa_userid=&hsmoa_code=moa&utm_source=nscreen&utm_medium=affiliate&utm_campaign=homeshopmoa
2026-08-18,화,23:55,밤 21-24,CJ온스타일,TV홈쇼핑,라이나 생명,[방송 중 상담만 받아도 혜택] 새로담는 간편건강보험_심플건강보험,여행서비스,,https://display.cjonstyle.com/m/item/2090807117?infl_cd=I0101&utm_medium=pcs&utm_source=hsmoa&hsmoa_userid=&hsmoa_code=moa
2026-08-17,월,03:00,새벽 03-06,NS홈쇼핑,TV홈쇼핑,일월,일월 시그니처 워셔블카본매트 싱글+더블,기타,276000,https://m.nsmall.com/gate?ptnCd=539&hsmoa_userid=&target=/goods/35418660&hsmoa_code=moa
2026-08-17,월,03:00,새벽 03-06,롯데홈쇼핑,TV홈쇼핑,[No brand names found.],◎ 26FW 핀턱 니팅 데님팬츠 2종,패션의류,69900,https://m.lotteimall.com/coop/affilGate.lotte?chl_no=171634&chl_dtl_no=2584694&returnUrl=/goods/viewGoodsDetail.lotte?goods_no=12918512&hsmoa_userid=&hsmoa_code=moa
2026-08-17,월,03:00,새벽 03-06,현대홈쇼핑,TV홈쇼핑,뉴트리케이,[방송에서만]뉴트리케이 두뇌엔포커스 PS 80(8+4박스. 총 12박스),기타,219000,https://www.hmall.com/md/pda/itemPtc?utm_source=homemoadata&utm_medium=cps&utm_campaign=sale&ReferCode=s61&slitmCd=2243656464&hsmoa_userid=&hsmoa_code=moa
2026-08-17,월,03:00,새벽 03-06,CJ온스타일,TV홈쇼핑,종근당건강,아보카도오일 250ml*10병,식품,215600,https://display.cjonstyle.com/m/item/2075074503?infl_cd=I0101&utm_medium=pcs&utm_source=hsmoa&hsmoa_userid=&hsmoa_code=moa
2026-08-17,월,03:05,새벽 03-06,롯데홈쇼핑,TV홈쇼핑,No brand names found.,◎26 NEW시그니처 이태리 램스킨 볼륨자켓,패션의류,219000,https://m.lotteimall.com/coop/affilGate.lotte?chl_no=171634&chl_dtl_no=2584694&returnUrl=/goods/viewGoodsDetail.lotte?goods_no=12919327&hsmoa_userid=&hsmoa_code=moa
2026-08-17,월,03:05,새벽 03-06,CJ온스타일,TV홈쇼핑,유러피안 데일리,"유러피안데일리베지믹스 230g x 12봉 냉동야채믹스(미니양배추,베이비캐럿,화이트컬리플라워,브로콜리,그린빈,병아리콩)",식품,70900,https://display.cjonstyle.com/m/item/2091320090?infl_cd=I0482&utm_medium=pcs&utm_source=hsmoa&channelCode=30002002&chn_cd=30002002&hsmoa_userid=&hsmoa_code=moa
2026-08-17,월,03:10,새벽 03-06,롯데홈쇼핑,TV홈쇼핑,[No brand names found.],● 26FW 핀턱 니팅 데님팬츠 2종,패션의류,69900,https://m.lotteimall.com/coop/affilGate.lotte?chl_no=171634&chl_dtl_no=2584694&returnUrl=/goods/viewGoodsDetail.lotte?goods_no=12918511&hsmoa_userid=&hsmoa_code=moa
2026-08-17,월,03:10,새벽 03-06,현대홈쇼핑,TV홈쇼핑,샐마,샐마 마카롱EZ 점보 TPU도마 풀세트(방송에서만 조리도구 타워 포함),생활용품,89000,https://www.hmall.com/md/pda/itemPtc?utm_source=homemoatv&utm_medium=cps&utm_campaign=sale&ReferCode=s60&slitmCd=2248998340&hsmoa_userid=&hsmoa_code=moa
2026-08-17,월,03:10,새벽 03-06,GS샵,TV홈쇼핑,Döhler,GS단독 프리미엄 돌러 마차라떼 프로틴 180포 에 방송중에만 22포 더 총 202포,건강기능식품,399000,https://m.gsshop.com/alia/aliaGate.gs?media=LUz&gourl=/prd/prd.gs?prdid=1121776589&hsmoa_userid=&hsmoa_code=moa&utm_source=nscreen&utm_medium=affiliate&utm_campaign=homeshopmoa
2026-08-17,월,03:12,새벽 03-06,GS샵,TV홈쇼핑,브루마스,브루마스 26FW 최신상 울 워킹화 여성 (울98%),기타,59800,https://m.gsshop.com/alia/aliaGate.gs?media=LVA&gourl=/prd/prd.gs?prdid=1133072227&hsmoa_userid=&hsmoa_code=moa&utm_source=nscreen&utm_medium=affiliate&utm_campaign=homeshopmoa
2026-08-17,월,03:15,새벽 03-06,롯데홈쇼핑,TV홈쇼핑,No brand names found.,●26 NEW시그니처 이태리 램스킨 볼륨자켓,패션의류,219000,https://m.lotteimall.com/coop/affilGate.lotte?chl_no=171634&chl_dtl_no=2584694&returnUrl=/goods/viewGoodsDetail.lotte?goods_no=12919325&hsmoa_userid=&hsmoa_code=moa
2026-08-17,월,03:15,새벽 03-06,CJ온스타일,TV홈쇼핑,디오브르,[디오브르by셀렙샵/10%]26FW 크레이프 사브리나 텐션팬츠+벨트,패션의류,79900,https://display.cjonstyle.com/m/item/2090666532?infl_cd=I0482&utm_medium=pcs&utm_source=hsmoa&channelCode=30002002&chn_cd=30002002&hsmoa_userid=&hsmoa_code=moa
2026-08-17,월,03:17,새벽 03-06,GS샵,TV홈쇼핑,모르간,모르간 26FW FAUX 스웨이드셔츠,패션의류,69900,https://m.gsshop.com/alia/aliaGate.gs?media=LVA&gourl=/prd/prd.gs?prdid=1124125531&hsmoa_userid=&hsmoa_code=moa&utm_source=nscreen&utm_medium=affiliate&utm_campaign=homeshopmoa
2026-08-17,월,03:20,새벽 03-06,NS홈쇼핑,TV홈쇼핑,[No brand names found.],코지마 목어깨마사지기,기타,198000,https://m.nsmall.com/gate?ptnCd=539&hsmoa_userid=&target=/goods/36045473&hsmoa_code=moa
2026-08-17,월,03:20,새벽 03-06,NS홈쇼핑,TV홈쇼핑,[No brand names found.],신라온돌흙침대 예가 가드형 카우치소파+리프트업테이블+도자기 12P,가구인테리어,1399000,https://m.nsmall.com/gate?ptnCd=538&hsmoa_userid=&target=/goods/36000441&hsmoa_code=moa
2026-08-17,월,03:20,새벽 03-06,롯데홈쇼핑,TV홈쇼핑,[No brand names found.],○ 26FW 핀턱 니팅 데님팬츠 2종,패션의류,69900,https://m.lotteimall.com/coop/affilGate.lotte?chl_no=171634&chl_dtl_no=2584694&returnUrl=/goods/viewGoodsDetail.lotte?goods_no=12918113&hsmoa_userid=&hsmoa_code=moa
2026-08-17,월,03:20,새벽 03-06,홈앤쇼핑,TV홈쇼핑,드 모아,(방송에서만세트구매가능)드모아 에어웹 W 필로우 베개 총 3세트,침구,169000,http://m.hnsmall.com/goods/view/81688061?channel_code=20397&utm_source=Hsmoa&utm_medium=AF&utm_campaign=TV_None_81688061&hsmoa_userid=&hsmoa_code=moa
2026-08-17,월,03:25,새벽 03-06,롯데홈쇼핑,TV홈쇼핑,No brand names found.,○26 NEW시그니처 이태리 램스킨 볼륨자켓,패션의류,219000,https://m.lotteimall.com/coop/affilGate.lotte?chl_no=171634&chl_dtl_no=2584694&returnUrl=/goods/viewGoodsDetail.lotte?goods_no=12919324&hsmoa_userid=&hsmoa_code=moa
2026-08-17,월,03:25,새벽 03-06,CJ온스타일,TV홈쇼핑,락포트,[미리주문10%][공식정품] NEW 새틴 메리제인 스니커즈,패션잡화,149000,https://display.cjonstyle.com/m/item/2089145922?infl_cd=I0482&utm_medium=pcs&utm_source=hsmoa&chn_cd=30002002&hsmoa_userid=&hsmoa_code=moa
2026-08-17,월,03:27,새벽 03-06,GS샵,TV홈쇼핑,브루마스,브루마스 26FW 최신상 울 워킹화 여성 (울98%),기타,59800,https://m.gsshop.com/alia/aliaGate.gs?media=LVA&gourl=/prd/prd.gs?prdid=1133072227&hsmoa_userid=&hsmoa_code=moa&utm_source=nscreen&utm_medium=affiliate&utm_campaign=homeshopmoa
2026-08-17,월,03:30,새벽 03-06,롯데홈쇼핑,TV홈쇼핑,아임고트,뉴질랜드 프리미엄 산양유 12박스,건강기능식품,396000,https://m.lotteimall.com/coop/affilGate.lotte?chl_no=171633&chl_dtl_no=2584697&returnUrl=/goods/viewGoodsDetail.lotte?goods_no=12893279&hsmoa_userid=&hsmoa_code=moa
2026-08-17,월,03:30,새벽 03-06,GS샵,TV홈쇼핑,폴햄,폴햄 26SS 썸머 우븐 원피스 2종,패션의류,59900,https://m.gsshop.com/alia/aliaGate.gs?media=LUz&gourl=/prd/prd.gs?prdid=1116254031&hsmoa_userid=&hsmoa_code=moa&utm_source=nscreen&utm_medium=affiliate&utm_campaign=homeshopmoa
2026-08-17,월,03:30,새벽 03-06,CJ온스타일,TV홈쇼핑,비비안,[Barbara] 2026년 최신상 앙쥬 퓨징 브라팬티 V27,패션의류,129900,https://display.cjonstyle.com/m/item/2076682971?infl_cd=I0101&utm_medium=pcs&utm_source=hsmoa&hsmoa_userid=&hsmoa_code=moa
2026-08-17,월,03:32,새벽 03-06,GS샵,TV홈쇼핑,라비엘라,[라비엘라] 콜라겐 아이크림 11통 + 부스터 프라임,건강기능식품,69900,https://m.gsshop.com/alia/aliaGate.gs?media=LVA&gourl=/prd/prd.gs?prdid=1067229765&hsmoa_userid=&hsmoa_code=moa&utm_source=nscreen&utm_medium=affiliate&utm_campaign=homeshopmoa
2026-08-17,월,03:34,새벽 03-06,K쇼핑,T커머스,[No brand names found.],[HEAD]헤드 26SS 여성 썸머 밸런스 워킹화,기타,59800,http://m.kshop.co.kr/display/mc/product/8874552?with_code=100315&utm_source=hsmoa_ep&utm_medium=cps&utm_campaign=prd_01_%ED%8C%A8%EC%85%98%EC%8A%88%EC%A6%88/%EC%9E%A1%ED%99%94_8874552&utm_content=mo_schedule&hsmoa_userid=&hsmoa_code=moa
2026-08-17,월,03:35,새벽 03-06,CJ온스타일,TV홈쇼핑,유러피안 데일리,"유러피안데일리베지믹스 230g x 12봉 냉동야채믹스(미니양배추,베이비캐럿,화이트컬리플라워,브로콜리,그린빈,병아리콩)",식품,70900,https://display.cjonstyle.com/m/item/2091320090?infl_cd=I0482&utm_medium=pcs&utm_source=hsmoa&channelCode=30002002&chn_cd=30002002&hsmoa_userid=&hsmoa_code=moa
2026-08-17,월,03:37,새벽 03-06,쇼핑엔티,T커머스,안국약품,안국약품 토비콤 루테인 지아잔틴 아스타잔틴 12개월분,건강기능식품,298000,https://m.shoppingntmall.com/display/goods/23539693?mediaCode=SH04&hsmoa_userid=&hsmoa_code=moa
2026-08-17,월,03:39,새벽 03-06,ssgshop,미분류,보랄,"[삼성카드, 할인](방송에서만) NEW 보랄 쿡앤킵 에어프라이어 (BR-X150AF)",가전,159000,https://m.shinsegaetvshopping.com/display/detail/20071126?inMediaCode=MC02&ckwhere=hsmser&hsmoa_userid=&hsmoa_code=moa
2026-08-17,월,03:39,새벽 03-06,K쇼핑,T커머스,[No brand names found.],아이넥스 홈그린 프리미엄 빨래건조대,생활용품,338000,http://m.kshop.co.kr/display/mc/product/8964700?with_code=100315&utm_source=hsmoa_ep&utm_medium=cps&utm_campaign=prd_01_%EC%A3%BC%EB%B0%A9/%EC%83%9D%ED%99%9C/%EC%95%A0%EA%B2%AC_8964700&utm_content=mo_schedule&hsmoa_userid=&hsmoa_code=moa
2026-08-17,월,03:40,새벽 03-06,NS홈쇼핑,TV홈쇼핑,키리아타올,키리아타올 프리미엄 코마사 호텔수건 총 10장 (솔리드X8+체스+엣지),여행서비스,39900,https://m.nsmall.com/gate?ptnCd=539&hsmoa_userid=&target=/goods/35753741&hsmoa_code=moa
2026-08-17,월,03:40,새벽 03-06,현대홈쇼핑,TV홈쇼핑,셀게이트,[프리메로] 유기농 엑스트라버진 올리브오일 8박스 (총 112포),기타,158000,https://www.hmall.com/md/pda/itemPtc?utm_source=homemoatv&utm_medium=cps&utm_campaign=sale&ReferCode=dm1&slitmCd=2238388776
2026-08-17,월,03:40,새벽 03-06,현대홈쇼핑,TV홈쇼핑,에버홈,[요즘대세][최신상]에버홈 진공 스팀다리미PRO(방송에서만 전용행거스탠드포함),가구인테리어,149000,https://www.hmall.com/md/pda/itemPtc?utm_source=homemoatv&utm_medium=cps&utm_campaign=sale&ReferCode=s60&slitmCd=2252370705&hsmoa_userid=&hsmoa_code=moa
2026-08-17,월,03:45,새벽 03-06,CJ온스타일,TV홈쇼핑,디오브르,[디오브르by셀렙샵/10%]26FW 크레이프 사브리나 텐션팬츠+벨트,패션의류,79900,https://display.cjonstyle.com/m/item/2090666532?infl_cd=I0482&utm_medium=pcs&utm_source=hsmoa&channelCode=30002002&chn_cd=30002002&hsmoa_userid=&hsmoa_code=moa
2026-08-17,월,03:50,새벽 03-06,롯데홈쇼핑,TV홈쇼핑,No brand names found.,○혼합세트○NEW 빅핸들 316 텀블러 2종(피코크그린 600ml+아이보리 800ml),생활용품,79000,https://m.lotteimall.com/coop/affilGate.lotte?chl_no=171633&chl_dtl_no=2584697&returnUrl=/goods/viewGoodsDetail.lotte?goods_no=12915585&hsmoa_userid=&hsmoa_code=moa
2026-08-17,월,03:53,새벽 03-06,GS샵,TV홈쇼핑,락앤락,[방송에서만 더블세트] 락앤락 스마트킵 프래쉬 신선밀폐용기 22종,생활용품,69800,https://m.gsshop.com/alia/aliaGate.gs?media=LVA&gourl=/prd/prd.gs?prdid=1081719360&hsmoa_userid=&hsmoa_code=moa&utm_source=nscreen&utm_medium=affiliate&utm_campaign=homeshopmoa
2026-08-17,월,03:54,새벽 03-06,W쇼핑,T커머스,그레인온,골드 카무트 브랜드밀 효소 30포 12박스 +파로 5팩+ 파로 누룽지 1박스(10봉),기타,396000,https://m.w-shopping.co.kr/display/goods/24716875?mediaCode=MC04&hsmoa_userid=
2026-08-17,월,03:55,새벽 03-06,CJ온스타일,TV홈쇼핑,락포트,[미리주문10%][공식정품] NEW 새틴 메리제인 스니커즈,패션잡화,149000,https://display.cjonstyle.com/m/item/2089145922?infl_cd=I0482&utm_medium=pcs&utm_source=hsmoa&chn_cd=30002002&hsmoa_userid=&hsmoa_code=moa
2026-08-17,월,03:57,새벽 03-06,쇼핑엔티,T커머스,보넬드,[보넬드] 아이엠 당근 주스 12병,식품,198000,https://m.shoppingntmall.com/display/goods/27977344?mediaCode=SH04&hsmoa_userid=&hsmoa_code=moa
2026-08-17,월,04:00,새벽 03-06,NS홈쇼핑,TV홈쇼핑,[No brand names found.],현미보리 칼국수 12개(현미 6개+보리 6개),식품,29900,https://m.nsmall.com/gate?ptnCd=538&hsmoa_userid=&target=/goods/36059772&hsmoa_code=moa
2026-08-17,월,04:00,새벽 03-06,롯데홈쇼핑,TV홈쇼핑,프리메로,☆[10박스]프리메로 NFC 유기농 레몬즙 (1박스: 20g x 14포),식품,165000,https://m.lotteimall.com/coop/affilGate.lotte?chl_no=171634&chl_dtl_no=2584694&returnUrl=/goods/viewGoodsDetail.lotte?goods_no=12914540&hsmoa_userid=&hsmoa_code=moa
2026-08-17,월,04:00,새벽 03-06,현대홈쇼핑,TV홈쇼핑,오로와,[오로와] 창문형 로봇청소기 4세대,가전,369000,https://www.hmall.com/md/pda/itemPtc?utm_source=homemoadata&utm_medium=cps&utm_campaign=sale&ReferCode=s61&slitmCd=2234310109&hsmoa_userid=&hsmoa_code=moa
2026-08-17,월,04:00,새벽 03-06,GS샵,TV홈쇼핑,어바웃코지,어바웃코지 냉감패드세트 SK 슈퍼킹 (냉감패드2+냉감베개커버2),침구,79900,https://m.gsshop.com/alia/aliaGate.gs?media=LUz&gourl=/prd/prd.gs?prdid=1118637670&hsmoa_userid=&hsmoa_code=moa&utm_source=nscreen&utm_medium=affiliate&utm_campaign=homeshopmoa
2026-08-17,월,04:00,새벽 03-06,CJ온스타일,TV홈쇼핑,셀렙샵에디션,"[최초가79,900]모헤어 그라데이션 풀오버",기타,39900,https://display.cjonstyle.com/m/item/2062557241?infl_cd=I0101&utm_medium=pcs&utm_source=hsmoa&hsmoa_userid=&hsmoa_code=moa
2026-08-17,월,04:05,새벽 03-06,CJ온스타일,TV홈쇼핑,유러피안 데일리,"유러피안데일리베지믹스 230g x 12봉 냉동야채믹스(미니양배추,베이비캐럿,화이트컬리플라워,브로콜리,그린빈,병아리콩)",식품,70900,https://display.cjonstyle.com/m/item/2091320090?infl_cd=I0482&utm_medium=pcs&utm_source=hsmoa&channelCode=30002002&chn_cd=30002002&hsmoa_userid=&hsmoa_code=moa
2026-08-17,월,04:10,새벽 03-06,롯데홈쇼핑,TV홈쇼핑,신영와코루,신영와코루 메모리업 웹서포트 브라팬티 5세트,패션의류,89900,https://m.lotteimall.com/coop/affilGate.lotte?chl_no=171633&chl_dtl_no=2584697&returnUrl=/goods/viewGoodsDetail.lotte?goods_no=12901474&hsmoa_userid=&hsmoa_code=moa
2026-08-17,월,04:10,새벽 03-06,공영쇼핑,TV홈쇼핑,[No brand names found.],"몬타 요술 양면 테이프 4종×2세트, 총 36개",기타,39800,http://m.gongyoungshop.kr/gate/selectAliance.do?alcLnkCd=hsmoa&tgUrl=/goods/selectGoodsDetail.do?prdId=11945752
2026-08-17,월,04:11,새벽 03-06,bshop,미분류,메디니스,[메디니스] ★[방송에서만 이가격/의료기기]★ 거북목 및 목디스크 치료기,기타,398000,http://m.skstoa.com/display/goods/64862818?orderMedia=62&mediaCode=EP08&mediaTarget=001&utm_source=hsmoa&utm_medium=affiliate&utm_campaign=hsmoaoffair&hsmoa_userid=&hsmoa_code=moa
2026-08-17,월,04:13,새벽 03-06,GS샵,TV홈쇼핑,브루마스,브루마스 26SS 내추럴 웨지샌들,패션잡화,39800,https://m.gsshop.com/alia/aliaGate.gs?media=LVA&gourl=/prd/prd.gs?prdid=1116877762&hsmoa_userid=&hsmoa_code=moa&utm_source=nscreen&utm_medium=affiliate&utm_campaign=homeshopmoa
2026-08-17,월,04:14,새벽 03-06,W쇼핑,T커머스,뉴트리디데이,[50%세일] 뉴트리디데이 시그니처 콜라겐 비오틴 8박스 (16개월),건강기능식품,98000,https://m.w-shopping.co.kr/display/goods/22224604?mediaCode=MC04&hsmoa_userid=
2026-08-17,월,04:15,새벽 03-06,CJ온스타일,TV홈쇼핑,디오브르,[디오브르by셀렙샵/10%]26FW 크레이프 사브리나 텐션팬츠+벨트,패션의류,79900,https://display.cjonstyle.com/m/item/2090666532?infl_cd=I0482&utm_medium=pcs&utm_source=hsmoa&channelCode=30002002&chn_cd=30002002&hsmoa_userid=&hsmoa_code=moa
2026-08-17,월,04:17,새벽 03-06,쇼핑엔티,T커머스,닥터린,닥터린 콘드로이친1200 콘레이티+MBP +K2 12개월분,기타,329000,https://m.shoppingntmall.com/display/goods/19234765?mediaCode=SH04&hsmoa_userid=&hsmoa_code=moa
2026-08-17,월,04:19,새벽 03-06,ssgshop,미분류,한끼 든든,[삼성카드][방송에서만] 한끼든든 장어탕 350g x 8팩 + 1팩 더 (총 9팩),식품,49900,https://m.shinsegaetvshopping.com/display/detail/1001634925?inMediaCode=MC02&ckwhere=hsmser&hsmoa_userid=&hsmoa_code=moa
2026-08-17,월,04:20,새벽 03-06,홈앤쇼핑,TV홈쇼핑,칸,프리미엄 수제 칸 한우육포 30g x 15개,식품,32900,http://m.hnsmall.com/goods/view/81176752?channel_code=20397&utm_source=Hsmoa&utm_medium=AF&utm_campaign=TV_None_81176752&hsmoa_userid=&hsmoa_code=moa
2026-08-17,월,04:25,새벽 03-06,CJ온스타일,TV홈쇼핑,락포트,[미리주문10%][공식정품] NEW 새틴 메리제인 스니커즈,패션잡화,149000,https://display.cjonstyle.com/m/item/2089145922?infl_cd=I0482&utm_medium=pcs&utm_source=hsmoa&chn_cd=30002002&hsmoa_userid=&hsmoa_code=moa
2026-08-17,월,04:30,새벽 03-06,ssgshop,미분류,아이엠,[방송중 할인] 보넬 아이엠 토마토 NFC 착즙주스 1L*12병,식품,64900,https://m.shinsegaetvshopping.com/display/detail/20069694?inMediaCode=MC02&ckwhere=hsm_live&hsmoa_userid=&hsmoa_code=moa
2026-08-17,월,04:30,새벽 03-06,K쇼핑,T커머스,자미쿨쿨,[자미쿨쿨] 풍기포인견 메밀 베개 2개세트,침구,49800,http://m.kshop.co.kr/display/mc/product/9112191?with_code=000155&utm_source=hsmoa_ep&utm_medium=cps&utm_campaign=prd_01_%EA%B0%80%EA%B5%AC/%EC%9D%B8%ED%85%8C%EB%A6%AC%EC%96%B4_9112191&utm_content=mo_schedule&hsmoa_userid=&hsmoa_code=moa
2026-08-17,월,04:30,새벽 03-06,K쇼핑,T커머스,도티,[도티] 26SS 썸머 배럴팬츠 3종,패션의류,59900,http://m.kshop.co.kr/display/mc/product/8869487?with_code=000004&utm_source=hsmoa_ep&utm_medium=cps&utm_campaign=prd_01_%EC%9D%98%EB%A5%98/%EC%96%B8%EB%8D%94%EC%9B%A8%EC%96%B4_8869487&utm_content=mo_schedule&hsmoa_userid=&hsmoa_code=moa
2026-08-17,월,04:30,새벽 03-06,현대홈쇼핑,TV홈쇼핑,홍쌍리,[파우치포함]홍쌍리 장아찌세트(매실원3+매실절임2+고추장장아찌1+감로매1+고추비빔장1+매실원파우치1),패션잡화,69900,https://www.hmall.com/md/pda/itemPtc?utm_source=homemoatv&utm_medium=cps&utm_campaign=sale&ReferCode=m20&slitmCd=2215831307
2026-08-17,월,04:30,새벽 03-06,GS샵,TV홈쇼핑,쏘내추럴,쏘내추럴 유러피안 재킷,패션의류,99900,https://m.gsshop.com/alia/aliaGate.gs?media=LAr&gourl=/prd/prd.gs?prdid=1104123730&hsmoa_userid=&hsmoa_code=moa&utm_source=nscreen&utm_medium=affiliate&utm_campaign=homeshopmoa
2026-08-17,월,04:30,새벽 03-06,CJ온스타일,TV홈쇼핑,CREMIEUX,"[최초가 99,000원] 26SS 아이스 라이크라® 치노 팬츠 3종",패션의류,69000,https://display.cjonstyle.com/m/item/2081617608?infl_cd=I0367&utm_medium=pcs&utm_source=hsmoa&hsmoa_userid=&hsmoa_code=moa
2026-08-17,월,04:34,새벽 03-06,GS샵,TV홈쇼핑,라페어,라페어 코티지가든 인견팬티 14종세트,패션의류,59900,https://m.gsshop.com/alia/aliaGate.gs?media=LVA&gourl=/prd/prd.gs?prdid=1117336321&hsmoa_userid=&hsmoa_code=moa&utm_source=nscreen&utm_medium=affiliate&utm_campaign=homeshopmoa
2026-08-17,월,04:35,새벽 03-06,CJ온스타일,TV홈쇼핑,CelebShop,[미리주문10%] 26FW 러플 셔링 점퍼,패션의류,79900,https://display.cjonstyle.com/m/item/2089405142?infl_cd=I0482&utm_medium=pcs&utm_source=hsmoa&channelCode=30002002&chn_cd=30002002&hsmoa_userid=&hsmoa_code=moa
2026-08-17,월,04:37,새벽 03-06,쇼핑엔티,T커머스,대원,[50%세일] 대원제약 산양유 단백질 100 10통,건강기능식품,138000,https://m.shoppingntmall.com/display/goods/27967237?mediaCode=MC04&hsmoa_userid=&hsmoa_code=moa
2026-08-17,월,04:40,새벽 03-06,롯데홈쇼핑,TV홈쇼핑,로보락,[블랙]로보락 F25 ACE 습건식 무선 청소기,가전,799000,https://m.lotteimall.com/coop/affilGate.lotte?chl_no=171634&chl_dtl_no=2584694&returnUrl=/goods/viewGoodsDetail.lotte?goods_no=12878391&hsmoa_userid=&hsmoa_code=moa
2026-08-17,월,04:40,새벽 03-06,롯데홈쇼핑,TV홈쇼핑,세브란스케어,☆[직]더블 세브란스케어 구수한 맛 6박스 96팩 (1박스: 200ML x16팩),기타,179000,https://m.lotteimall.com/coop/affilGate.lotte?chl_no=139564&chl_dtl_no=2538702&returnUrl=/goods/viewGoodsDetail.lotte?goods_no=12914521&hsmoa_userid=&hsmoa_code=moa
2026-08-17,월,04:40,새벽 03-06,현대홈쇼핑,TV홈쇼핑,한국제일도,[장인의 노하우가 담긴] 한국제일도 가위 명작 풀세트,기타,158000,https://www.hmall.com/md/pda/itemPtc?utm_source=homemoatv&utm_medium=cps&utm_campaign=sale&ReferCode=dm1&slitmCd=2252651921
2026-08-17,월,04:45,새벽 03-06,현대홈쇼핑,TV홈쇼핑,베스트하임,[방송에서만] 베스트하임 진공 스팀 다리미,패션의류,148000,https://www.hmall.com/md/pda/itemPtc?utm_source=homemoadata&utm_medium=cps&utm_campaign=sale&ReferCode=s61&slitmCd=2252525728&hsmoa_userid=&hsmoa_code=moa
2026-08-17,월,04:45,새벽 03-06,CJ온스타일,TV홈쇼핑,비비안,[임세영 PICK] 아이스 초경량 에센셜 커버플러스 5세트,기타,179900,https://display.cjonstyle.com/m/item/2083662249?infl_cd=I0278&utm_medium=pcs&utm_source=hsmoa&channelCode=30002002&chn_cd=30002002&hsmoa_userid=&hsmoa_code=moa
2026-08-17,월,04:50,새벽 03-06,현대홈쇼핑,TV홈쇼핑,라스튜디오,[역시즌 초특가][r.a studio] 라스튜디오 호주산 양모100 코트,패션의류,149000,https://www.hmall.com/md/pda/itemPtc?utm_source=homemoatv&utm_medium=cps&utm_campaign=sale&ReferCode=dm1&slitmCd=2252475381
2026-08-17,월,04:51,새벽 03-06,bshop,미분류,가누다,"[가누다] 블루라벨 피아노 베개 2개 세트 (+머리냅 1개, 무료체험10일)",침구,298000,http://m.skstoa.com/display/goods/64435600?orderMedia=62&mediaCode=EP01&mediaTarget=001&utm_source=hsmoa&utm_medium=affiliate&utm_campaign=hsmoaonair&hsmoa_userid=&hsmoa_code=moa
2026-08-17,월,04:55,새벽 03-06,현대홈쇼핑,TV홈쇼핑,한국제일도,[장인의 노하우가 담긴] 한국제일도 가위 명작 풀세트,기타,158000,https://www.hmall.com/md/pda/itemPtc?utm_source=homemoatv&utm_medium=cps&utm_campaign=sale&ReferCode=dm1&slitmCd=2252651921
2026-08-17,월,04:55,새벽 03-06,GS샵,TV홈쇼핑,트렉스타,트렉스타 26SS 남성용 냉감 9부 팬츠 3종 (+벨트 1종),패션의류,49900,https://m.gsshop.com/alia/aliaGate.gs?media=LGx&gourl=/prd/prd.gs?prdid=1129777284&hsmoa_userid=&hsmoa_code=moa&utm_source=nscreen&utm_medium=affiliate&utm_campaign=homeshopmoa
2026-08-17,월,05:00,새벽 03-06,NS홈쇼핑,TV홈쇼핑,샤론느,샤론느 더슬림 안심팬티 5종,패션의류,69900,https://m.nsmall.com/gate?ptnCd=481&target=/goods/36103585
2026-08-17,월,05:00,새벽 03-06,공영쇼핑,TV홈쇼핑,[No brand names found.],26년 햇 천사의 땅 해남 고춧가루 500g*8봉 총4kg,식품,139800,http://m.gongyoungshop.kr/gate/selectAliance.do?alcLnkCd=hsmoa&tgUrl=/goods/selectGoodsDetail.do?prdId=11949555&hsmoa_userid=&hsmoa_code=moa
2026-08-17,월,05:10,새벽 03-06,홈앤쇼핑,TV홈쇼핑,크로커다일,[초특가/앱적립10%][크로커다일](91차) 에어리핏 레이스 헴 브라팬티 6세트(총12종),패션의류,69900,http://m.hnsmall.com/goods/view/79382090?channel_code=20214&utm_source=Hsmoa&utm_medium=AF&utm_campaign=TV_Underwear_79382090&hsmoa_userid=&hsmoa_code=moa
2026-08-17,월,05:15,새벽 03-06,W쇼핑,T커머스,김오곤,(방송에서만) 김오곤 원장의 한방 다이어트 환 5박스(10주분),기타,98000,https://m.w-shopping.co.kr/display/goods/26017357?mediaCode=MC04&hsmoa_userid=
2026-08-17,월,05:15,새벽 03-06,CJ온스타일,TV홈쇼핑,디엔케이,[1사1명품] 디엔케이 클린이즈 올인원 캡슐세wp,기타,59900,https://display.cjonstyle.com/m/item/2072983046?infl_cd=I0278&utm_medium=pcs&utm_source=hsmoa&channelCode=30002002&chn_cd=30002002&hsmoa_userid=&hsmoa_code=moa
2026-08-17,월,05:15,새벽 03-06,CJ온스타일,TV홈쇼핑,대웅제약,[1/판매 1등]대웅제약 리프트앰플 10통+앰플 1박스 더,뷰티,389000,https://display.cjonstyle.com/m/item/2073483675?infl_cd=I0367&utm_medium=pcs&utm_source=hsmoa&hsmoa_userid=&hsmoa_code=moa
2026-08-17,월,05:15,새벽 03-06,롯데홈쇼핑,TV홈쇼핑,뉴트리 코어,"○방송에서만[12+6개월]뉴트리코어 하이퍼셀 코엔자임 Q10 맥스 18박스(1박스:1,000mgX30캡슐",건강기능식품,269000,https://m.lotteimall.com/coop/affilGate.lotte?chl_no=139564&chl_dtl_no=2538702&returnUrl=/goods/viewGoodsDetail.lotte?goods_no=12903277&hsmoa_userid=&hsmoa_code=moa
2026-08-17,월,05:20,새벽 03-06,현대홈쇼핑,TV홈쇼핑,AIA생명,AIA생명 (무)원스톱프리미엄암보험,여행서비스,,https://www.hmall.com/md/pda/itemPtc?utm_source=homemoatv&utm_medium=cps&utm_campaign=sale&ReferCode=m20&slitmCd=2244486170&hsmoa_userid=&hsmoa_code=moa
2026-08-17,월,05:20,새벽 03-06,현대홈쇼핑,TV홈쇼핑,바로 인,PWX 바로인 여성 메쉬 로퍼,패션잡화,69000,https://www.hmall.com/md/pda/itemPtc?utm_source=homemoatv&utm_medium=cps&utm_campaign=sale&ReferCode=dm1&slitmCd=2250786882
2026-08-17,월,05:30,새벽 03-06,GS샵,TV홈쇼핑,토브,토브 갈락토 씨씨 더블구성 결토너 250ml 6병 결세럼 50ml 2병 마스크 1세트,건강기능식품,99900,https://m.gsshop.com/alia/aliaGate.gs?media=LAr&gourl=/prd/prd.gs?prdid=1097164096&hsmoa_userid=&hsmoa_code=moa&utm_source=nscreen&utm_medium=affiliate&utm_campaign=homeshopmoa
2026-08-17,월,05:30,새벽 03-06,ssgshop,미분류,동국제약,[삼성카드]♥ 단독! 방송에서만! 동국제약 마데카 유스퍼펙션 리프팅 아이크림 세트(아이크림9+체험분5매+쇼핑백1),뷰티,79900,https://m.shinsegaetvshopping.com/display/detail/20072065?inMediaCode=MC02&ckwhere=hsm_live&hsmoa_userid=&hsmoa_code=moa
2026-08-17,월,05:30,새벽 03-06,K쇼핑,T커머스,No brand name found.,[Treksta]스포츠 26SS 남성 쿨모션 냉감 팬츠 3종 + 벨트 세트,패션의류,49900,http://m.kshop.co.kr/display/mc/product/8758566?with_code=000155&utm_source=hsmoa_ep&utm_medium=cps&utm_campaign=prd_01_%EC%8A%A4%ED%8F%AC%EC%B8%A0/%EB%A0%88%EC%A0%80_8758566&utm_content=mo_schedule&hsmoa_userid=&hsmoa_code=moa
2026-08-17,월,05:30,새벽 03-06,K쇼핑,T커머스,에이스바이옴,[비에날씬](BNR17)다이어트유산균 9박스+슬림플러스2박스+진공 스팀다리미,건강기능식품,548000,http://m.kshop.co.kr/display/mc/product/10084283?with_code=000004&utm_source=hsmoa_ep&utm_medium=cps&utm_campaign=prd_01_%EC%8B%9D%ED%92%88/%EA%B1%B4%EA%B0%95_10084283&utm_content=mo_schedule&hsmoa_userid=&hsmoa_code=moa
2026-08-17,월,05:31,새벽 03-06,bshop,미분류,발렌티노 크리스티,[발렌티노 크리스티] (26SS 신상) 발렌티노 크리스티 쿨메쉬 런닝 드로즈 세트(10종),기타,69900,http://m.skstoa.com/display/goods/65865344?orderMedia=62&mediaCode=EP01&mediaTarget=001&utm_source=hsmoa&utm_medium=affiliate&utm_campaign=hsmoaonair&hsmoa_userid=&hsmoa_code=moa
2026-08-17,월,05:35,새벽 03-06,GS샵,TV홈쇼핑,뉴트리 코어,뉴트리코어 하이퍼셀 코엔자임Q10 맥스 12박스+6박스 더(방송에서만) 코큐텐 총 18개월분,건강기능식품,269000,https://m.gsshop.com/alia/aliaGate.gs?media=LGx&gourl=/prd/prd.gs?prdid=1128805226&hsmoa_userid=&hsmoa_code=moa&utm_source=nscreen&utm_medium=affiliate&utm_campaign=homeshopmoa
2026-08-17,월,05:36,새벽 03-06,쇼핑엔티,T커머스,도티,26SS 도티 여성 인견 와이드 팬츠 3종 (D6RWW),패션의류,39900,https://m.shoppingntmall.com/display/goods/28047092?mediaCode=MC04&hsmoa_userid=&hsmoa_code=moa
2026-08-17,월,05:40,새벽 03-06,NS홈쇼핑,TV홈쇼핑,[No brand names found.],두뇌엔 닥터PS 맥스 10박스/10개월분,기타,514000,https://m.nsmall.com/gate?ptnCd=481&hsmoa_userid=&target=/goods/35903228&hsmoa_code=moa
2026-08-17,월,05:40,새벽 03-06,롯데홈쇼핑,TV홈쇼핑,[No brand names found.],☆방송에서만☆ 프리미엄 경추 마사지기 K38,기타,59800,https://m.lotteimall.com/coop/affilGate.lotte?chl_no=160210&chl_dtl_no=2566413&returnUrl=/goods/viewGoodsDetail.lotte?goods_no=12911771&hsmoa_userid=&hsmoa_code=moa
2026-08-17,월,05:41,새벽 03-06,NS홈쇼핑,TV홈쇼핑,[No brand names found.],포티니 듀얼 식기건조대 (2단),생활용품,105000,https://m.nsmall.com/gate?ptnCd=536&hsmoa_userid=&target=/goods/36077189&hsmoa_code=moa
2026-08-17,월,06:00,아침 06-09,공영쇼핑,TV홈쇼핑,서분례청국장,[150봉]서분례명인 만능 육수분,기타,49900,http://m.gongyoungshop.kr/gate/selectAliance.do?alcLnkCd=hsmtv&tgUrl=/goods/selectGoodsDetail.do?prdId=11805074&hsmoa_userid=&hsmoa_code=moa
2026-08-17,월,06:00,아침 06-09,홈앤쇼핑,TV홈쇼핑,데니스,[방송에서만 이가격][데니스골프] 26SS 아노락 재킷 쿨 세트 2종,패션의류,66000,http://m.hnsmall.com/goods/view/80758456?channel_code=20397&utm_source=Hsmoa&utm_medium=AF&utm_campaign=TV_Fashion_80758456&hsmoa_userid=&hsmoa_code=moa
2026-08-17,월,06:00,아침 06-09,현대홈쇼핑,TV홈쇼핑,닥터스 노트,[방송에서만]팔레오 콘드로이친 plus MBP 5+5통,기타,89000,https://www.hmall.com/md/pda/itemPtc?utm_source=homemoadata&utm_medium=cps&utm_campaign=sale&ReferCode=s61&slitmCd=2251024092&hsmoa_userid=&hsmoa_code=moa
2026-08-17,월,06:00,아침 06-09,GS샵,TV홈쇼핑,에버콜라겐랩,에버콜라겐랩 100% 동결건조 콜라겐 앰플 VIP패키지+파우치,건강기능식품,199000,https://m.gsshop.com/alia/aliaGate.gs?media=LUz&gourl=/prd/prd.gs?prdid=1133307570&hsmoa_userid=&hsmoa_code=moa&utm_source=nscreen&utm_medium=affiliate&utm_campaign=homeshopmoa
2026-08-17,월,06:15,아침 06-09,W쇼핑,T커머스,아키,[NO세일] 아키 듀얼 리프팅 브라팬티 8종,패션의류,59900,https://m.w-shopping.co.kr/display/goods/24483159?mediaCode=MC04&hsmoa_userid=
2026-08-17,월,06:15,아침 06-09,롯데홈쇼핑,TV홈쇼핑,하루틴,●[전고객 6박스 더] 하루틴 리포좀 비타민C 프로 12+3박스 + 비타C스틱 3박스,건강기능식품,209000,https://m.lotteimall.com/coop/affilGate.lotte?chl_no=171633&chl_dtl_no=2584697&returnUrl=/goods/viewGoodsDetail.lotte?goods_no=12916482&hsmoa_userid=&hsmoa_code=moa
2026-08-17,월,06:15,아침 06-09,현대홈쇼핑,TV홈쇼핑,프리차드 기버터,[프랑스 직수입] 프리차드 기버터 400g x 4통 + 버터나이프 1개,기타,69900,https://www.hmall.com/md/pda/itemPtc?utm_source=homemoatv&utm_medium=cps&utm_campaign=sale&ReferCode=m20&slitmCd=2252634259
2026-08-17,월,06:15,아침 06-09,CJ온스타일,TV홈쇼핑,No brand names found.,[최다 11개월] 프로 다이어트 유산균 9개월분+BNR17플러스60포,건강기능식품,548000,https://display.cjonstyle.com/m/item/2081410949?infl_cd=I0101&utm_medium=pcs&utm_source=hsmoa&hsmoa_userid=&hsmoa_code=moa
2026-08-17,월,06:30,아침 06-09,ssgshop,미분류,하루틴,(방송에서만)[12+3+3]하루틴 리포좀 비타민C 프로 총 15박스+비타민C스틱 3박스(s),건강기능식품,209000,https://m.shinsegaetvshopping.com/display/detail/1001239765?inMediaCode=MC02&ckwhere=hsmser&hsmoa_userid=&hsmoa_code=moa
2026-08-17,월,06:30,아침 06-09,NS홈쇼핑,TV홈쇼핑,데이즈온,데이즈온 그린 아세로라C 8박스,기타,178000,https://m.nsmall.com/gate?ptnCd=538&hsmoa_userid=&target=/goods/35874121&hsmoa_code=moa
2026-08-17,월,06:30,아침 06-09,K쇼핑,T커머스,닥터 린,닥터린 콘드로이친 콘레이티 MBP 6개월분,기타,199000,http://m.kshop.co.kr/display/mc/product/8744655?with_code=100315&utm_source=hsmoa_ep&utm_medium=cps&utm_campaign=prd_01_%EC%8B%9D%ED%92%88/%EA%B1%B4%EA%B0%95_8744655&utm_content=mo_schedule&hsmoa_userid=&hsmoa_code=moa
2026-08-17,월,06:31,아침 06-09,bshop,미분류,나인닷,[나인닷] (반값 세일)EMS 조임핏 운동기구,스포츠레저,99000,http://m.skstoa.com/display/goods/65450847?orderMedia=62&mediaCode=EP08&mediaTarget=001&utm_source=hsmoa&utm_medium=affiliate&utm_campaign=hsmoaoffair&hsmoa_userid=&hsmoa_code=moa
2026-08-17,월,06:36,아침 06-09,쇼핑엔티,T커머스,[No brand names found.],[50%세일] 골드 카무트 효소 12박스 + 파로 5봉 + 복부마사지기,기타,198000,https://m.shoppingntmall.com/display/goods/28268026?mediaCode=SH04&hsmoa_userid=&hsmoa_code=moa
2026-08-17,월,06:36,아침 06-09,GS샵,TV홈쇼핑,멜리지1826,멜리지1826 실크스킨 율무 팩클렌저 5개,기타,49900,https://m.gsshop.com/alia/aliaGate.gs?media=LVA&gourl=/prd/prd.gs?prdid=1102372061&hsmoa_userid=&hsmoa_code=moa&utm_source=nscreen&utm_medium=affiliate&utm_campaign=homeshopmoa
2026-08-17,월,06:40,아침 06-09,롯데홈쇼핑,TV홈쇼핑,롯데,★롯데 단독★ 피치비비 톤업크림 30ml * 5통 + (리뷰시) 비비안 레이온 스판 원피스 1개,뷰티,59900,https://m.lotteimall.com/coop/affilGate.lotte?chl_no=171634&chl_dtl_no=2584694&returnUrl=/goods/viewGoodsDetail.lotte?goods_no=12919063&hsmoa_userid=&hsmoa_code=moa
2026-08-17,월,06:40,아침 06-09,현대홈쇼핑,TV홈쇼핑,다짜고짜,풀스텐 짤순이 다짜고짜 플러스 야채탈수기 오이지 만두속 나물 그릭요거트 유청분리기,식품,69800,https://www.hmall.com/md/pda/itemPtc?utm_source=homemoadata&utm_medium=cps&utm_campaign=sale&ReferCode=s61&slitmCd=2251871547&hsmoa_userid=&hsmoa_code=moa
2026-08-17,월,06:41,아침 06-09,NS홈쇼핑,TV홈쇼핑,그레인온,(50%세일) 골드카무트®브랜드밀효소 12박스+파로 5봉,기타,198000,https://m.nsmall.com/gate?ptnCd=539&hsmoa_userid=&target=/goods/35653302&hsmoa_code=moa
2026-08-17,월,06:45,아침 06-09,CJ온스타일,TV홈쇼핑,오모떼,26SS 에센셜 초경량 브라팬티 5세트,패션의류,179900,https://display.cjonstyle.com/m/item/2082849444?infl_cd=I0482&utm_medium=pcs&utm_source=hsmoa&channelCode=30002002&chn_cd=30002002&hsmoa_userid=&hsmoa_code=moa
2026-08-17,월,07:15,아침 06-09,W쇼핑,T커머스,종근당건강,종근당건강 락토핏 당케어프로 12통 (12개월분),건강기능식품,139000,https://m.w-shopping.co.kr/display/goods/25872212?mediaCode=MC56&hsmoa_userid=&hsmoa_code=moa
2026-08-17,월,07:15,아침 06-09,롯데홈쇼핑,TV홈쇼핑,주영 앤 에스,☆방송에서만 오메가3 2박스 더!☆ [12개월] 관절엔 콘드로이친 1200 12박스 + 식물성 오메가3 600 2박스,건강기능식품,648000,https://m.lotteimall.com/coop/affilGate.lotte?chl_no=171633&chl_dtl_no=2584697&returnUrl=/goods/viewGoodsDetail.lotte?goods_no=12907906&hsmoa_userid=&hsmoa_code=moa
2026-08-17,월,07:15,아침 06-09,공영쇼핑,TV홈쇼핑,[No brand names found.],[시즌2]까사맘 전기압력가마솥+쌀통 10kg,식품,149000,http://m.gongyoungshop.kr/gate/selectAliance.do?alcLnkCd=hsmoa&tgUrl=/goods/selectGoodsDetail.do?prdId=11943486
2026-08-17,월,07:15,아침 06-09,홈앤쇼핑,TV홈쇼핑,여에스더,[국민영양] 여에스더 PS 포스파티딜세린 10박스(20주분) + 카무트효소1박스,기타,89000,http://m.hnsmall.com/goods/view/82385304?channel_code=20397&utm_source=Hsmoa&utm_medium=AF&utm_campaign=TV_None_82385304&hsmoa_userid=&hsmoa_code=moa
2026-08-17,월,07:15,아침 06-09,현대홈쇼핑,TV홈쇼핑,매스티나,[최대함량 겔마스크 최초공개] 매스티나 최신상 코어 기미앰플 3배 패키지 (30ml x 9 + 겔마스크팩 1박스),뷰티,159000,https://www.hmall.com/md/pda/itemPtc?utm_source=homemoatv&utm_medium=cps&utm_campaign=sale&ReferCode=s60&slitmCd=2252652521&hsmoa_userid=&hsmoa_code=moa
2026-08-17,월,07:15,아침 06-09,GS샵,TV홈쇼핑,코렐,코렐 올드타운블루 4인조(20P)+냉면기 4P,식품,189000,https://m.gsshop.com/alia/aliaGate.gs?media=LUz&gourl=/prd/prd.gs?prdid=1133203697&hsmoa_userid=&hsmoa_code=moa&utm_source=nscreen&utm_medium=affiliate&utm_campaign=homeshopmoa
2026-08-17,월,07:15,아침 06-09,CJ온스타일,TV홈쇼핑,오하루,에브리데이 견과 4박스(100봉),식품,109900,https://display.cjonstyle.com/m/item/2076466111?infl_cd=I0101&utm_medium=pcs&utm_source=hsmoa&hsmoa_userid=&hsmoa_code=moa
2026-08-17,월,07:20,아침 06-09,NS홈쇼핑,TV홈쇼핑,제주산,제주산 당찬여주 발효효소 10박스,기타,198000,https://m.nsmall.com/gate?ptnCd=538&hsmoa_userid=&target=/goods/36114699&hsmoa_code=moa
2026-08-17,월,07:25,아침 06-09,NS홈쇼핑,TV홈쇼핑,샤론느,샤론느 풍기인견 안심팬티 4+4종,패션의류,129800,https://m.nsmall.com/gate?ptnCd=481&target=/goods/35209089
2026-08-17,월,07:25,아침 06-09,NS홈쇼핑,TV홈쇼핑,샤론느,샤론느 남성용 풍기인견 안심팬티 4종,패션의류,99900,https://m.nsmall.com/gate?ptnCd=481&target=/goods/35231721
2026-08-17,월,07:25,아침 06-09,NS홈쇼핑,TV홈쇼핑,샤론느,샤론느 풍기인견 안심팬티 4종,패션의류,69900,https://m.nsmall.com/gate?ptnCd=481&target=/goods/35209088
2026-08-17,월,07:25,아침 06-09,NS홈쇼핑,TV홈쇼핑,샤론느,샤론느 올데이 안심플러스 보정 팬티 8종,패션의류,109800,https://m.nsmall.com/gate?ptnCd=481&target=/goods/35490075
2026-08-17,월,07:25,아침 06-09,NS홈쇼핑,TV홈쇼핑,샤론느,샤론느 올데이 안심플러스 보정 팬티 1종,패션의류,49000,https://m.nsmall.com/gate?ptnCd=481&target=/goods/35496963
2026-08-17,월,07:25,아침 06-09,NS홈쇼핑,TV홈쇼핑,샤론느,샤론느 풍기인견팬티 1종,패션의류,19000,https://m.nsmall.com/gate?ptnCd=481&target=/goods/35860961
2026-08-17,월,07:25,아침 06-09,NS홈쇼핑,TV홈쇼핑,샤론느,샤론느 풍기인견 브라탑 1종+팬티 1종(총 2종),패션의류,49000,https://m.nsmall.com/gate?ptnCd=481&target=/goods/35876354
2026-08-17,월,07:25,아침 06-09,NS홈쇼핑,TV홈쇼핑,샤론느,샤론느 올데이 안심플러스 보정 팬티 4종,패션의류,59900,https://m.nsmall.com/gate?ptnCd=481&target=/goods/35490058
2026-08-17,월,07:31,아침 06-09,ssgshop,미분류,마미케어,[삼성카드][3만원 SALE] 마미케어 율무영양크림 특대용량세트 (크림 80g*4개),뷰티,69900,https://m.shinsegaetvshopping.com/display/detail/20072392?inMediaCode=MC02&ckwhere=hsmser&hsmoa_userid=&hsmoa_code=moa
2026-08-17,월,07:31,아침 06-09,K쇼핑,T커머스,지프,[JEEP] 26S/S 지프 여성 플로우 러너,기타,59800,http://m.kshop.co.kr/display/mc/product/8290995?with_code=100315&utm_source=hsmoa_ep&utm_medium=cps&utm_campaign=prd_01_%ED%8C%A8%EC%85%98%EC%8A%88%EC%A6%88/%EC%9E%A1%ED%99%94_8290995&utm_content=mo_schedule&hsmoa_userid=&hsmoa_code=moa
2026-08-17,월,07:31,아침 06-09,K쇼핑,T커머스,성분에디터,[특대용량] 성분에디터 더블 리프팅 앰플 (7병 찬스),뷰티,109000,http://m.kshop.co.kr/display/mc/product/9111363?with_code=100315&utm_source=hsmoa_ep&utm_medium=cps&utm_campaign=prd_01_%ED%99%94%EC%9E%A5%ED%92%88/%EC%9D%B4%EB%AF%B8%EC%9A%A9_9111363&utm_content=mo_schedule&hsmoa_userid=&hsmoa_code=moa
2026-08-17,월,07:31,아침 06-09,bshop,미분류,동국 제약,[센텔리안24] * 실시간 경품 최대용량 패키지 동국제약 마데카 크림 타이트리프팅 50ml 10개 + 15ml 1개+ (체험분)1ml 5개 + 종이팩 2개,뷰티,99900,http://m.skstoa.com/display/goods/66064262?orderMedia=62&mediaCode=EP08&mediaTarget=001&utm_source=hsmoa&utm_medium=affiliate&utm_campaign=hsmoaoffair&hsmoa_userid=&hsmoa_code=moa
2026-08-17,월,07:36,아침 06-09,쇼핑엔티,T커머스,에꼴 드 파리,(매장판매동일) 에꼴드파리 스탠카라 인견 자켓 3종,패션의류,59900,https://m.shoppingntmall.com/display/goods/27826683?mediaCode=SH04&hsmoa_userid=&hsmoa_code=moa
2026-08-17,월,07:36,아침 06-09,GS샵,TV홈쇼핑,주영엔에스,관절엔 콘드로이친1200 12개월분 + 주영 오메가 2개월분,건강기능식품,648000,https://m.gsshop.com/alia/aliaGate.gs?media=LVA&gourl=/prd/prd.gs?prdid=1107929932&hsmoa_userid=&hsmoa_code=moa&utm_source=nscreen&utm_medium=affiliate&utm_campaign=homeshopmoa
2026-08-17,월,07:40,아침 06-09,롯데홈쇼핑,TV홈쇼핑,슈나이더,■O 슈나이더 26SS 여성 썸머 에어 경량 자켓 2종(S602W),패션의류,49900,https://m.lotteimall.com/coop/affilGate.lotte?chl_no=171634&chl_dtl_no=2584694&returnUrl=/goods/viewGoodsDetail.lotte?goods_no=12903408&hsmoa_userid=&hsmoa_code=moa
2026-08-17,월,07:40,아침 06-09,현대홈쇼핑,TV홈쇼핑,플로레센스,플로레센스 플라워 원피스+풀오버 2종,패션의류,29800,https://www.hmall.com/md/pda/itemPtc?utm_source=homemoadata&utm_medium=cps&utm_campaign=sale&ReferCode=s61&slitmCd=2251579937&hsmoa_userid=&hsmoa_code=moa
2026-08-17,월,07:41,아침 06-09,NS홈쇼핑,TV홈쇼핑,[No brand names found.],강원특별자치도 특등급 햇 두백감자 10kg,기타,28900,https://m.nsmall.com/gate?ptnCd=539&hsmoa_userid=&target=/goods/36067379&hsmoa_code=moa
2026-08-17,월,07:45,아침 06-09,CJ온스타일,TV홈쇼핑,크린 위즈,[더블패키지]방수왕 스프레이 8통 (투명4개+백색4개),기타,79800,https://display.cjonstyle.com/m/item/2088835558?infl_cd=I0482&utm_medium=pcs&utm_source=hsmoa&channelCode=30002002&chn_cd=30002002&hsmoa_userid=&hsmoa_code=moa
2026-08-17,월,08:15,아침 06-09,롯데홈쇼핑,TV홈쇼핑,No brand names found.,[프로페셔널 패키지] 링클 케어 트리트먼트 크림 150ml*3통 + 250ml*1통 + 루미너스 마스크팩(4매입)1박스 + 브러쉬 1개,뷰티,249000,https://m.lotteimall.com/coop/affilGate.lotte?chl_no=171633&chl_dtl_no=2584697&returnUrl=/goods/viewGoodsDetail.lotte?goods_no=12919198&hsmoa_userid=&hsmoa_code=moa
2026-08-17,월,08:15,아침 06-09,홈앤쇼핑,TV홈쇼핑,소온하루,[오직 홈앤에서만/기미집중]소온하루 기미 집중 관리 완벽 더블 패키지 (총 64매 / 32회 관리분),기타,99000,http://m.hnsmall.com/goods/view/81213746?channel_code=20397&utm_source=Hsmoa&utm_medium=AF&utm_campaign=TV_None_81213746&hsmoa_userid=&hsmoa_code=moa
2026-08-17,월,08:15,아침 06-09,현대홈쇼핑,TV홈쇼핑,디아루체,[론칭가 79900원] 디아루체 울 블렌딩 볼륨드 자켓 1종,패션의류,39900,https://www.hmall.com/md/pda/itemPtc?utm_source=homemoatv&utm_medium=cps&utm_campaign=sale&ReferCode=s60&slitmCd=2240357955&hsmoa_userid=&hsmoa_code=moa
2026-08-17,월,08:15,아침 06-09,GS샵,TV홈쇼핑,LG 생활 건강,"[매니아] 쉰내잡는 피지 모락셀라 냄새제거 캡슐세제 20입x7팩,5입x1팩(체험분),섬유탈취제1종",생활용품,104900,https://m.gsshop.com/alia/aliaGate.gs?media=LUz&gourl=/prd/prd.gs?prdid=1125703978&hsmoa_userid=&hsmoa_code=moa&utm_source=nscreen&utm_medium=affiliate&utm_campaign=homeshopmoa
2026-08-17,월,08:15,아침 06-09,CJ온스타일,TV홈쇼핑,바니스 뉴욕,[미리주문10%] 26FW 베인 레더 자켓,패션의류,229000,https://display.cjonstyle.com/m/item/2089480948?infl_cd=I0101&utm_medium=pcs&utm_source=hsmoa&channelCode=30002002&hsmoa_userid=&hsmoa_code=moa
2026-08-17,월,08:16,아침 06-09,W쇼핑,T커머스,닥터린,닥터린 콘드로이친 1200 콘레이티+MBP 12박스 + k2 /12개월분,기타,163500,https://m.w-shopping.co.kr/display/goods/23602077?mediaCode=MC04&hsmoa_userid=
2026-08-17,월,08:20,아침 06-09,NS홈쇼핑,TV홈쇼핑,[No brand names found.],뉴밋 유기농 엑스트라버진 올리브오일 100% 1박스,기타,25000,https://m.nsmall.com/gate?ptnCd=538&hsmoa_userid=&target=/goods/36085315&hsmoa_code=moa
2026-08-17,월,08:20,아침 06-09,공영쇼핑,TV홈쇼핑,[No brand names found.],[쉬슬러] 밀크코튼 섬유유연제 3.06리터 1통,생활용품,23000,http://m.gongyoungshop.kr/gate/selectAliance.do?alcLnkCd=hsmoa&tgUrl=/goods/selectGoodsDetail.do?prdId=11953664
2026-08-17,월,08:31,아침 06-09,ssgshop,미분류,에디 티드,[삼성카드][26FW 최신상] 에디티드 커프스 리브 티셔츠 3종,패션의류,69000,https://m.shinsegaetvshopping.com/display/detail/1001532890?inMediaCode=MC02&ckwhere=hsmser&hsmoa_userid=&hsmoa_code=moa
2026-08-17,월,08:31,아침 06-09,K쇼핑,T커머스,오렐리안,[오렐리안] 풍기인견 스퀘어넥 런닝형 브라탑 3종,패션의류,59900,http://m.kshop.co.kr/display/mc/product/10041863?with_code=100315&utm_source=hsmoa_ep&utm_medium=cps&utm_campaign=prd_01_%EC%9D%98%EB%A5%98/%EC%96%B8%EB%8D%94%EC%9B%A8%EC%96%B4_10041863&utm_content=mo_schedule&hsmoa_userid=&hsmoa_code=moa
2026-08-17,월,08:31,아침 06-09,bshop,미분류,도깨비,[도깨비] [방송최저가]도깨비방망이 헤리티지 핸드블렌더(HHB-AS0410),가전,63900,http://m.skstoa.com/display/goods/66112879?orderMedia=62&mediaCode=EP08&mediaTarget=001&utm_source=hsmoa&utm_medium=affiliate&utm_campaign=hsmoaoffair&hsmoa_userid=&hsmoa_code=moa
2026-08-17,월,08:36,아침 06-09,쇼핑엔티,T커머스,오렐리안,[여름히트]오렐리안 풍기인견 냉감 브라탑 3종(런닝형),패션의류,59900,https://m.shoppingntmall.com/display/goods/20864912?mediaCode=SH04&hsmoa_userid=&hsmoa_code=moa
2026-08-17,월,08:36,아침 06-09,GS샵,TV홈쇼핑,닥터큐먼,[레드에디션]닥터큐먼 Type1 콜라겐100 크림팩 프리미엄 더블구성,건강기능식품,178000,https://m.gsshop.com/alia/aliaGate.gs?media=LVA&gourl=/prd/prd.gs?prdid=1115760436&hsmoa_userid=&hsmoa_code=moa&utm_source=nscreen&utm_medium=affiliate&utm_campaign=homeshopmoa
2026-08-17,월,08:40,아침 06-09,롯데홈쇼핑,TV홈쇼핑,[No brand names found.],26SS NC 썸머 8부 팬츠 3종(D6NTW),패션의류,49900,https://m.lotteimall.com/coop/affilGate.lotte?chl_no=171634&chl_dtl_no=2584694&returnUrl=/goods/viewGoodsDetail.lotte?goods_no=12900392&hsmoa_userid=&hsmoa_code=moa
2026-08-17,월,08:40,아침 06-09,현대홈쇼핑,TV홈쇼핑,인터쿡,인터쿡 토마호크 로스돔 3종 세트,기타,109000,https://www.hmall.com/md/pda/itemPtc?utm_source=homemoadata&utm_medium=cps&utm_campaign=sale&ReferCode=s61&slitmCd=2247721571&hsmoa_userid=&hsmoa_code=moa
2026-08-17,월,08:41,아침 06-09,NS홈쇼핑,TV홈쇼핑,,포티니 스테인레스 고무줄 선반 3세트,가구인테리어,40900,https://m.nsmall.com/gate?ptnCd=539&hsmoa_userid=&target=/goods/35706329&hsmoa_code=moa
2026-08-17,월,08:45,아침 06-09,CJ온스타일,TV홈쇼핑,라비오라,최신상 배종옥 레몬꿀팩 레몬허니워시오프팩 6통+타올1매,식품,99000,https://display.cjonstyle.com/m/item/2070029628?infl_cd=I0482&utm_medium=pcs&utm_source=hsmoa&channelCode=30002002&chn_cd=30002002&hsmoa_userid=&hsmoa_code=moa
2026-08-17,월,09:17,오전 09-12,W쇼핑,T커머스,히트 락,★트롯가수 김용빈 추천★에코센스 히트락 올트라이탄 밀폐용기 12종 +핸들형2.5L 2종 (총14종),생활용품,79800,https://m.w-shopping.co.kr/display/goods/25005677?mediaCode=MC56&hsmoa_userid=&hsmoa_code=moa
2026-08-17,월,09:20,오전 09-12,공영쇼핑,TV홈쇼핑,[No brand names found.],[1팩더!]박연경의 한우 도가니탕700g*11팩,식품,59900,http://m.gongyoungshop.kr/gate/selectAliance.do?alcLnkCd=hsmoa&tgUrl=/goods/selectGoodsDetail.do?prdId=11951917
2026-08-17,월,09:20,오전 09-12,CJ온스타일,TV홈쇼핑,페블,[패밀리세트] 페블 파워 캡슐세제 240개+표백캡슐 30개+이염방지시트 50매+체험분 10개,생활용품,108000,https://display.cjonstyle.com/m/item/2088575668?infl_cd=I0101&utm_medium=pcs&utm_source=hsmoa&hsmoa_userid=&hsmoa_code=moa
2026-08-17,월,09:25,오전 09-12,NS홈쇼핑,TV홈쇼핑,백년농가,유기농 지리산 상황버섯쌀 10팩,식품,109000,https://m.nsmall.com/gate?ptnCd=538&hsmoa_userid=&target=/goods/35669185&hsmoa_code=moa
2026-08-17,월,09:25,오전 09-12,롯데홈쇼핑,TV홈쇼핑,가이거,★NEW 컬러★ 플리세(Plissee) 플리츠백 (+파우치),패션잡화,177000,https://m.lotteimall.com/coop/affilGate.lotte?chl_no=171633&chl_dtl_no=2584697&returnUrl=/goods/viewGoodsDetail.lotte?goods_no=12897777&hsmoa_userid=&hsmoa_code=moa
2026-08-17,월,09:25,오전 09-12,홈앤쇼핑,TV홈쇼핑,AK 앤 클라인,[AK앤클라인]26SS 썸머 볼륨 블라우스 3종,패션의류,55000,http://m.hnsmall.com/goods/view/78659315?channel_code=20397&utm_source=Hsmoa&utm_medium=AF&utm_campaign=TV_Fashion_78659315&hsmoa_userid=&hsmoa_code=moa
2026-08-17,월,09:25,오전 09-12,현대홈쇼핑,TV홈쇼핑,태양초,[2026년산 햇고추] 태양초 청결 햇 고춧가루 3kg(500g 6팩) + 청양 고춧가루 500g 1팩,식품,129800,https://www.hmall.com/md/pda/itemPtc?utm_source=homemoatv&utm_medium=cps&utm_campaign=sale&ReferCode=s60&slitmCd=2221856883&hsmoa_userid=&hsmoa_code=moa
2026-08-17,월,09:25,오전 09-12,GS샵,TV홈쇼핑,프롬바이오,[프롬바이오] 위엔 매스틱 24주,기타,599000,https://m.gsshop.com/alia/aliaGate.gs?media=LUz&gourl=/prd/prd.gs?prdid=1132648277&hsmoa_userid=&hsmoa_code=moa&utm_source=nscreen&utm_medium=affiliate&utm_campaign=homeshopmoa
2026-08-17,월,09:31,오전 09-12,K쇼핑,T커머스,베네통,베네통 26SS 니트 팝 컬렉션 3종,패션의류,139000,http://m.kshop.co.kr/display/mc/product/8739937?with_code=100315&utm_source=hsmoa_ep&utm_medium=cps&utm_campaign=prd_01_%EC%8A%A4%ED%8F%AC%EC%B8%A0/%EB%A0%88%EC%A0%80_8739937&utm_content=mo_schedule&hsmoa_userid=&hsmoa_code=moa
2026-08-17,월,09:31,오전 09-12,K쇼핑,T커머스,ACROPASS,[최다구성] 아크로패스 레티알엔 9박스 (입문패키지),기타,129000,http://m.kshop.co.kr/display/mc/product/8758173?with_code=100315&utm_source=hsmoa_ep&utm_medium=cps&utm_campaign=prd_01_%ED%99%94%EC%9E%A5%ED%92%88/%EC%9D%B4%EB%AF%B8%EC%9A%A9_8758173&utm_content=mo_schedule&hsmoa_userid=&hsmoa_code=moa
2026-08-17,월,09:31,오전 09-12,bshop,미분류,렌지프로,"[렌지프로] (방송에서만)렌지프로 세라믹 히팅 그릴팟 풀세트(멀티팟,사각그릴팬.라운드팬,스팀트레이)",기타,109000,http://m.skstoa.com/display/goods/67369556?orderMedia=62&mediaCode=EP08&mediaTarget=001&utm_source=hsmoa&utm_medium=affiliate&utm_campaign=hsmoaoffair&hsmoa_userid=&hsmoa_code=moa
2026-08-17,월,09:32,오전 09-12,ssgshop,미분류,블루핏,"[삼성카드][론칭가69,900원 →1만원↓] 블루핏 NEW 데님 스커트",패션의류,59900,https://m.shinsegaetvshopping.com/display/detail/20070574?inMediaCode=MC02&ckwhere=hsmser&hsmoa_userid=&hsmoa_code=moa
2026-08-17,월,09:35,오전 09-12,쇼핑엔티,T커머스,만지니,[쇼핑엔티 단독]지니라이프 듀얼 맥스 콘드로이친1200MBP 6+6박스,기타,99000,https://m.shoppingntmall.com/display/goods/27579746?mediaCode=SH04&hsmoa_userid=&hsmoa_code=moa
2026-08-17,월,09:36,오전 09-12,GS샵,TV홈쇼핑,클로리에,[방송에서만 천연 원석 세트] 클로리에 실버925 인피니티 체인 목걸이,패션잡화,199000,https://m.gsshop.com/alia/aliaGate.gs?media=LVA&gourl=/prd/prd.gs?prdid=1127106098&hsmoa_userid=&hsmoa_code=moa&utm_source=nscreen&utm_medium=affiliate&utm_campaign=homeshopmoa
2026-08-17,월,09:40,오전 09-12,롯데홈쇼핑,TV홈쇼핑,골드 에이스 앤코,○ ★최다구성★ 24K 순금 시그니처 볼륨반지 클로버 세트(총 11종),패션잡화,898000,https://m.lotteimall.com/coop/affilGate.lotte?chl_no=171634&chl_dtl_no=2584694&returnUrl=/goods/viewGoodsDetail.lotte?goods_no=12914627&hsmoa_userid=&hsmoa_code=moa
2026-08-17,월,09:41,오전 09-12,NS홈쇼핑,TV홈쇼핑,종근당건강,종근당건강 락토핏 당케어 프로 12통,건강기능식품,189000,https://m.nsmall.com/gate?ptnCd=539&hsmoa_userid=&target=/goods/36000213&hsmoa_code=moa
2026-08-17,월,09:45,오전 09-12,CJ온스타일,TV홈쇼핑,신영와코루,젤리브라 26최신상 모아핏 브라팬티 후크형 4세트,패션의류,109900,https://display.cjonstyle.com/m/item/2076606367?infl_cd=I0482&utm_medium=pcs&utm_source=hsmoa&channelCode=30002002&chn_cd=30002002&hsmoa_userid=&hsmoa_code=moa
2026-08-17,월,10:00,오전 09-12,현대홈쇼핑,TV홈쇼핑,프리마클라쎄,프리마클라쎄 이스트웨스트 캔버스 숄더백,패션잡화,169000,https://www.hmall.com/md/pda/itemPtc?utm_source=homemoatv&utm_medium=cps&utm_campaign=sale&ReferCode=dm1&slitmCd=2251880430
2026-08-17,월,10:17,오전 09-12,W쇼핑,T커머스,방송에서만,[방송에서만] 특허받은 빅스텐 짤순이 골드 (대용량2.4L/국내생산),기타,39900,https://m.w-shopping.co.kr/display/goods/24338207?mediaCode=MC56&hsmoa_userid=&hsmoa_code=moa
2026-08-17,월,10:25,오전 09-12,현대홈쇼핑,TV홈쇼핑,,유로컬렉션 26FW 호주산 울 100% 퍼널넥 자켓,패션의류,99000,https://www.hmall.com/md/pda/itemPtc?ReferCode=m20&slitmCd=2251228173&utm_source=livehometv&utm_medium=cps&utm_campaign=sale
2026-08-17,월,10:25,오전 09-12,현대홈쇼핑,TV홈쇼핑,1종,[1종] 머티리얼랩 이집트GIZA코튼 100% 60s더블 티셔츠,패션의류,59000,https://www.hmall.com/md/pda/itemPtc?ReferCode=m20&slitmCd=2228340416&utm_source=livehometv&utm_medium=cps&utm_campaign=sale
2026-08-17,월,10:25,오전 09-12,현대홈쇼핑,TV홈쇼핑,머티리얼랩,머티리얼랩 FAUX 스웨이드 자켓,패션의류,169000,https://www.hmall.com/md/pda/itemPtc?ReferCode=m20&slitmCd=2228988034&utm_source=livehometv&utm_medium=cps&utm_campaign=sale
2026-08-17,월,10:25,오전 09-12,현대홈쇼핑,TV홈쇼핑,Handmade,[Handmade] 머티리얼랩 26PRELUDE 굿럭팔찌,패션잡화,169000,https://www.hmall.com/md/pda/itemPtc?ReferCode=m20&slitmCd=2246977798&utm_source=livehometv&utm_medium=cps&utm_campaign=sale
2026-08-17,월,10:25,오전 09-12,현대홈쇼핑,TV홈쇼핑,머티리얼랩,머티리얼랩 26SS 별자리 자수 카고 팬츠,패션의류,99000,https://www.hmall.com/md/pda/itemPtc?ReferCode=m20&slitmCd=2246267754&utm_source=livehometv&utm_medium=cps&utm_campaign=sale
2026-08-17,월,10:25,오전 09-12,현대홈쇼핑,TV홈쇼핑,3종,[3종] 머티리얼랩 26SS 스터드 슬리브리스,기타,79000,https://www.hmall.com/md/pda/itemPtc?ReferCode=m20&slitmCd=2246270261&utm_source=livehometv&utm_medium=cps&utm_campaign=sale
2026-08-17,월,10:25,오전 09-12,현대홈쇼핑,TV홈쇼핑,JAPAN FABRIC,[JAPAN FABRIC][살안타템] 머티리얼랩 이치멘 체크 셔츠,패션의류,119000,https://www.hmall.com/md/pda/itemPtc?ReferCode=m20&slitmCd=2247181860&utm_source=livehometv&utm_medium=cps&utm_campaign=sale
2026-08-17,월,10:25,오전 09-12,현대홈쇼핑,TV홈쇼핑,살안타템,[살안타템] 머티리얼랩 26SS 20데니아 에어리 후드 자켓,패션의류,79000,https://www.hmall.com/md/pda/itemPtc?ReferCode=m20&slitmCd=2249061627&utm_source=livehometv&utm_medium=cps&utm_campaign=sale
2026-08-17,월,10:25,오전 09-12,CJ온스타일,TV홈쇼핑,캡처앰플 리바이탈,[캡처앰플 리바이탈] 최신상 풀리프트 아이크림 포페이스,뷰티,89000,https://display.cjonstyle.com/p/item/2076521139?infl_cd=I0675&utm_medium=pcs&utm_source=hsmoa
2026-08-17,월,10:25,오전 09-12,CJ온스타일,TV홈쇼핑,밀도컨센트레이트,[밀도컨센트레이트] 최신상 풀리프트 아이크림 포페이스,뷰티,89000,https://display.cjonstyle.com/p/item/2076521188?infl_cd=I0675&utm_medium=pcs&utm_source=hsmoa
2026-08-17,월,10:25,오전 09-12,CJ온스타일,TV홈쇼핑,기본패키지,[기본패키지]최신상 아이크림 11통(40ml*8개+12ml*3개)+밀도컨센트레이트 25ml*2개,뷰티,109000,https://display.cjonstyle.com/p/item/2076575171?infl_cd=I0675&utm_medium=pcs&utm_source=hsmoa
2026-08-17,월,10:25,오전 09-12,CJ온스타일,TV홈쇼핑,이민정 패키지,[이민정 패키지] 풀리프트 아이크림 포페이스 특별구성 (10통),뷰티,89000,https://display.cjonstyle.com/p/item/2078250861?infl_cd=I0675&utm_medium=pcs&utm_source=hsmoa
2026-08-17,월,10:25,오전 09-12,CJ온스타일,TV홈쇼핑,로즈미스트,[로즈미스트] 최신상 풀리프트 아이크림 포페이스 특별구성,뷰티,89000,https://display.cjonstyle.com/p/item/2076519228?infl_cd=I0675&utm_medium=pcs&utm_source=hsmoa
2026-08-17,월,10:25,오전 09-12,CJ온스타일,TV홈쇼핑,로얄너리싱 워터,[로얄너리싱 워터] 최신상 풀리프트 아이크림 포페이스 특별구성,뷰티,89000,https://display.cjonstyle.com/p/item/2076519220?infl_cd=I0675&utm_medium=pcs&utm_source=hsmoa
2026-08-17,월,10:25,오전 09-12,CJ온스타일,TV홈쇼핑,로얄너리싱 밀크,[로얄너리싱 밀크] 최신상 풀리프트 아이크림 포페이스,뷰티,89000,https://display.cjonstyle.com/p/item/2076519149?infl_cd=I0675&utm_medium=pcs&utm_source=hsmoa
2026-08-17,월,10:25,오전 09-12,CJ온스타일,TV홈쇼핑,특대용량,[특대용량] 마스터즈 에어 리치 선스틱 22g 3개+선크림 체험1매,뷰티,59000,https://display.cjonstyle.com/p/item/2082079522?infl_cd=I0675&utm_medium=pcs&utm_source=hsmoa
2026-08-17,월,10:25,오전 09-12,CJ온스타일,TV홈쇼핑,방송2,[방송2]마스터즈 아쿠아 리치 선크림 60ml 4개+ 1ml 1개,뷰티,69000,https://display.cjonstyle.com/p/item/2086693907?infl_cd=I0675&utm_medium=pcs&utm_source=hsmoa
2026-08-17,월,10:25,오전 09-12,롯데홈쇼핑,TV홈쇼핑,유피토스,★매진 패키지★ 유피토스 피토프로틴 헤어 컬러 5박스 (내추럴 브라운) + 염색 키트 1개,건강기능식품,179000,https://m.lotteimall.com/coop/affilGate.lotte?chl_no=171633&chl_dtl_no=2584697&returnUrl=/goods/viewGoodsDetail.lotte?goods_no=12919429&hsmoa_userid=&hsmoa_code=moa
2026-08-17,월,10:25,오전 09-12,공영쇼핑,TV홈쇼핑,No brand names found.,해남 땅끝마을 포기김치9kg+총각김치2kg+보리열무김치1kg(총12kg),식품,46900,http://m.gongyoungshop.kr/gate/selectAliance.do?alcLnkCd=hsmtv&tgUrl=/goods/selectGoodsDetail.do?prdId=11947720&hsmoa_userid=&hsmoa_code=moa
2026-08-17,월,10:25,오전 09-12,홈앤쇼핑,TV홈쇼핑,키라니아,[썸머한정SALE/싸다싸패키지] 키라니아 데오 드 퍼퓸 바디워시 8개(+무료체험 2매),뷰티,69900,http://m.hnsmall.com/goods/view/82828772?channel_code=20397&utm_source=Hsmoa&utm_medium=AF&utm_campaign=TV_Beauty_82828772&hsmoa_userid=&hsmoa_code=moa
2026-08-17,월,10:25,오전 09-12,현대홈쇼핑,TV홈쇼핑,머티리얼랩,머티리얼랩 26SS 웨이브니팅 오픈워크 가디건,패션의류,99000,https://www.hmall.com/md/pda/itemPtc?utm_source=homemoatv&utm_medium=cps&utm_campaign=sale&ReferCode=s60&slitmCd=2246266283&hsmoa_userid=&hsmoa_code=moa
2026-08-17,월,10:25,오전 09-12,GS샵,TV홈쇼핑,종근당,[NEW]종근당건강 관절연골엔 NEM 12개월+천국의계단 증정,기타,648000,https://m.gsshop.com/alia/aliaGate.gs?media=LUz&gourl=/prd/prd.gs?prdid=1132048235&hsmoa_userid=&hsmoa_code=moa&utm_source=nscreen&utm_medium=affiliate&utm_campaign=homeshopmoa
2026-08-17,월,10:25,오전 09-12,CJ온스타일,TV홈쇼핑,AHC,[방송1]마스터즈 아쿠아 리치 선크림 60ml 8개+1ml 2개,뷰티,109000,https://display.cjonstyle.com/m/item/2088575331?infl_cd=I0101&utm_medium=pcs&utm_source=hsmoa&hsmoa_userid=&hsmoa_code=moa
2026-08-17,월,10:30,오전 09-12,NS홈쇼핑,TV홈쇼핑,[No brand names found.],(1만원세일)국내산 간장 꽃게장 3.6kg+양념 꽃게장 1kg,식품,49900,https://m.nsmall.com/gate?ptnCd=538&hsmoa_userid=&target=/goods/36032730&hsmoa_code=moa
2026-08-17,월,10:31,오전 09-12,K쇼핑,T커머스,에콕스,에콕스 [리오셀 + 인견 시원한 팬츠] 26SS 여성 인견팬츠 3종,패션의류,69900,http://m.kshop.co.kr/display/mc/product/10036072?with_code=100315&utm_source=hsmoa_ep&utm_medium=cps&utm_campaign=prd_01_%EC%9D%98%EB%A5%98/%EC%96%B8%EB%8D%94%EC%9B%A8%EC%96%B4_10036072&utm_content=mo_schedule&hsmoa_userid=&hsmoa_code=moa
2026-08-17,월,10:31,오전 09-12,bshop,미분류,스케쳐스,[스케쳐스] 여성 고런 아치핏 슬립인스,기타,149000,http://m.skstoa.com/display/goods/67225090?orderMedia=62&mediaCode=EP08&mediaTarget=001&utm_source=hsmoa&utm_medium=affiliate&utm_campaign=hsmoaoffair&hsmoa_userid=&hsmoa_code=moa
2026-08-17,월,10:32,오전 09-12,ssgshop,미분류,종근당 건강,"[종근당건강동행] 락토핏 생유산균 코어맥스 총 480포(180포X2통+30포X4박스, 16개월분)+아보카도오일 2병",건강기능식품,99000,https://m.shinsegaetvshopping.com/display/detail/1002954495?inMediaCode=MC02&ckwhere=hsmser&hsmoa_userid=&hsmoa_code=moa
2026-08-17,월,10:32,오전 09-12,K쇼핑,T커머스,여에스더,(국민영양프로젝트) 여에스더 포스파티딜세린 10박스+ 카무트1박스,기타,89000,http://m.kshop.co.kr/display/mc/product/10187906?with_code=100315&utm_source=hsmoa_ep&utm_medium=cps&utm_campaign=prd_01_%EC%8B%9D%ED%92%88/%EA%B1%B4%EA%B0%95_10187906&utm_content=mo_schedule&hsmoa_userid=&hsmoa_code=moa
2026-08-17,월,10:35,오전 09-12,쇼핑엔티,T커머스,김하진의참맛있는,[방송에서만 2팩 더!!] 김하진 궁중 한우 도가니수육탕 700g × 10팩 + 700g × 2팩 (총 12팩)_실온보관,식품,59900,https://m.shoppingntmall.com/display/goods/15832063?mediaCode=SH04&hsmoa_userid=&hsmoa_code=moa
2026-08-17,월,10:36,오전 09-12,GS샵,TV홈쇼핑,데비마이어,데비마이어 그린박스 14종+유산균 김치통 4종+멀티그린볼,건강기능식품,159000,https://m.gsshop.com/alia/aliaGate.gs?media=LVA&gourl=/prd/prd.gs?prdid=1111591125&hsmoa_userid=&hsmoa_code=moa&utm_source=nscreen&utm_medium=affiliate&utm_campaign=homeshopmoa
2026-08-17,월,10:40,오전 09-12,롯데홈쇼핑,TV홈쇼핑,제로브라,제로브라 인견블렌디드 프리컷 레이스 브라팬티 4세트,패션의류,59900,https://m.lotteimall.com/coop/affilGate.lotte?chl_no=171634&chl_dtl_no=2584694&returnUrl=/goods/viewGoodsDetail.lotte?goods_no=12904932&hsmoa_userid=&hsmoa_code=moa
2026-08-17,월,10:40,오전 09-12,현대홈쇼핑,TV홈쇼핑,우노아레,{우노아레} 18K 아테나(Athena) 목걸이,패션잡화,2899000,https://www.hmall.com/md/pda/itemPtc?utm_source=homemoadata&utm_medium=cps&utm_campaign=sale&ReferCode=s61&slitmCd=2252387396&hsmoa_userid=&hsmoa_code=moa
2026-08-17,월,10:41,오전 09-12,NS홈쇼핑,TV홈쇼핑,[No brand names found.],코단잠 메밀냉감베개 2개 1세트,침구,39900,https://m.nsmall.com/gate?ptnCd=539&hsmoa_userid=&target=/goods/36122815&hsmoa_code=moa
2026-08-17,월,10:45,오전 09-12,CJ온스타일,TV홈쇼핑,ESCADA,"[상시가 239,000원] ESCADA 26SS 썸머 샤이닝 셋업 SET (후디집업+팬츠)",패션의류,239000,https://display.cjonstyle.com/m/item/2082476702?infl_cd=I0482&utm_medium=pcs&utm_source=hsmoa&channelCode=30002002&chn_cd=30002002&hsmoa_userid=&hsmoa_code=moa
2026-08-17,월,19:21,저녁 18-21,W쇼핑,T커머스,여에스더,(방송에서만) 여에스더 리포좀 글루타치온 다이렉트 울트라 9X 6+2박스 (8개월분),기타,198000,https://m.w-shopping.co.kr/display/goods/25443443?mediaCode=MC56&hsmoa_userid=&hsmoa_code=moa
2026-08-17,월,19:30,저녁 18-21,현대홈쇼핑,TV홈쇼핑,포미,[역사상 단한번 초특가] 포미 토마토100% 착즙주스 750ml x 18팩,식품,40900,https://www.hmall.com/md/pda/itemPtc?utm_source=homemoatv&utm_medium=cps&utm_campaign=sale&ReferCode=m20&slitmCd=2252525772&hsmoa_userid=&hsmoa_code=moa
2026-08-17,월,19:31,저녁 18-21,bshop,미분류,선일금고,[선일금고] (100만원 세일)60L 루셀 프리미엄 (UP-060),기타,1190000,http://m.skstoa.com/display/goods/64119553?orderMedia=62&mediaCode=EP08&mediaTarget=001&utm_source=hsmoa&utm_medium=affiliate&utm_campaign=hsmoaoffair&hsmoa_userid=&hsmoa_code=moa
2026-08-17,월,19:32,저녁 18-21,K쇼핑,T커머스,르까프,[Lecaf]르까프 26SS 남성 시그니처 에브리데이 조거 팬츠 4종 세트,패션의류,39900,http://m.kshop.co.kr/display/mc/product/8423741?with_code=100315&utm_source=hsmoa_ep&utm_medium=cps&utm_campaign=prd_01_%EC%8A%A4%ED%8F%AC%EC%B8%A0/%EB%A0%88%EC%A0%80_8423741&utm_content=mo_schedule&hsmoa_userid=&hsmoa_code=moa
2026-08-17,월,19:32,저녁 18-21,K쇼핑,T커머스,보디가드,[보디가드] 26SS 남성 COOL메쉬 드로즈 10종,기타,49900,http://m.kshop.co.kr/display/mc/product/10126940?with_code=100315&utm_source=hsmoa_ep&utm_medium=cps&utm_campaign=prd_01_%EC%9D%98%EB%A5%98/%EC%96%B8%EB%8D%94%EC%9B%A8%EC%96%B4_10126940&utm_content=mo_schedule&hsmoa_userid=&hsmoa_code=moa
2026-08-17,월,19:33,저녁 18-21,쇼핑엔티,T커머스,대한 항공,노랑풍선 장가계 5일/6일 (대한항공+NO선택관광+VIP패스트트랙+370불상당 혜택),여행서비스,,https://m.shoppingntmall.com/display/goods/28487580?mediaCode=SH04&hsmoa_userid=&hsmoa_code=moa
2026-08-17,월,19:35,저녁 18-21,ssgshop,미분류,모두투어,[*특집전]모두투어 시그니처 태항산 4일/5일,여행서비스,,https://m.shinsegaetvshopping.com/display/detail/1003429777?inMediaCode=MC02&ckwhere=hsmser&hsmoa_userid=&hsmoa_code=moa
2026-08-17,월,19:35,저녁 18-21,NS홈쇼핑,TV홈쇼핑,[No brand names found.],여에스더 리포좀 글루타치온 다이렉트 12X 알파 네트워크 12박스(12개월)+글루타치온 3X 1박스(1개월),기타,394000,https://m.nsmall.com/gate?ptnCd=538&hsmoa_userid=&target=/goods/36119587&hsmoa_code=moa
2026-08-17,월,19:35,저녁 18-21,홈앤쇼핑,TV홈쇼핑,졸리줄리,[졸리줄리 썸머향수 99초특가] 그린러쉬 50ml + 어도러블애플 50ml + 프로포레100ml,뷰티,99000,http://m.hnsmall.com/goods/view/82070711?channel_code=20397&utm_source=Hsmoa&utm_medium=AF&utm_campaign=TV_Beauty_82070711&hsmoa_userid=&hsmoa_code=moa
2026-08-17,월,19:35,저녁 18-21,GS샵,TV홈쇼핑,동국 제약,[전무후무단한번] 2026 최신상 마데카크림 에이징포커스 20통 X 최신상 멜라에센스 6통,뷰티,199000,https://m.gsshop.com/alia/aliaGate.gs?media=LUz&gourl=/prd/prd.gs?prdid=1133501490&hsmoa_userid=&hsmoa_code=moa&utm_source=nscreen&utm_medium=affiliate&utm_campaign=homeshopmoa
2026-08-17,월,19:35,저녁 18-21,CJ온스타일,TV홈쇼핑,현대투어존,[여행먼저 크루즈],여행서비스,,https://display.cjonstyle.com/m/item/2033665760?infl_cd=I0101&utm_medium=pcs&utm_source=hsmoa&hsmoa_userid=&hsmoa_code=moa
2026-08-17,월,19:38,저녁 18-21,GS샵,TV홈쇼핑,NDC,[하나투어] 마나도 5일. NO 단체쇼핑. NDC 리조트앤스파. 국적기 왕복직항. 부나켄 호핑투어. 나인아일랜드,여행서비스,,https://m.gsshop.com/alia/aliaGate.gs?media=LVA&gourl=/prd/prd.gs?prdid=1132451802&hsmoa_userid=&hsmoa_code=moa&utm_source=nscreen&utm_medium=affiliate&utm_campaign=homeshopmoa
2026-08-17,월,19:40,저녁 18-21,롯데홈쇼핑,TV홈쇼핑,샤빌,샤빌 프리메쉬 냉감 브라팬티 5세트,패션의류,79800,https://m.lotteimall.com/coop/affilGate.lotte?chl_no=171634&chl_dtl_no=2584694&returnUrl=/goods/viewGoodsDetail.lotte?goods_no=12918551&hsmoa_userid=&hsmoa_code=moa
2026-08-17,월,19:40,저녁 18-21,현대홈쇼핑,TV홈쇼핑,롯데관광,[롯데관광][NO팁NO옵션][대한항공X힐튼호텔] 서안+화산 4일 패키지,여행서비스,,https://www.hmall.com/md/pda/itemPtc?utm_source=homemoadata&utm_medium=cps&utm_campaign=sale&ReferCode=s61&slitmCd=2252536290&hsmoa_userid=&hsmoa_code=moa
2026-08-17,월,19:42,저녁 18-21,NS홈쇼핑,TV홈쇼핑,,조리기능장 임성근의 진 삼계탕 1kgX8팩,식품,49900,https://m.nsmall.com/gate?ptnCd=539&hsmoa_userid=&target=/goods/35105388&hsmoa_code=moa
2026-08-17,월,19:45,저녁 18-21,CJ온스타일,TV홈쇼핑,비비안,프리미엄 여름 파자마 상하의 2세트(여성),패션의류,59900,https://display.cjonstyle.com/m/item/2083522442?infl_cd=I0482&utm_medium=pcs&utm_source=hsmoa&channelCode=30002002&chn_cd=30002002&hsmoa_userid=&hsmoa_code=moa
2026-08-17,월,20:12,저녁 18-21,K쇼핑,T커머스,에넥스,에넥스 밀라노 스타일 이태리 천연면피 통가죽 3인 소파,가구인테리어,2298000,http://m.kshop.co.kr/display/mc/product/9642950?with_code=100315&utm_source=hsmoa_ep&utm_medium=cps&utm_campaign=prd_01_%EA%B0%80%EA%B5%AC/%EC%9D%B8%ED%85%8C%EB%A6%AC%EC%96%B4_9642950&utm_content=mo_schedule&hsmoa_userid=&hsmoa_code=moa
2026-08-17,월,20:12,저녁 18-21,K쇼핑,T커머스,보디가드,[보디가드] 26SS 남성 COOL메쉬 드로즈 10종,기타,49900,http://m.kshop.co.kr/display/mc/product/8525613?with_code=100315&utm_source=hsmoa_ep&utm_medium=cps&utm_campaign=prd_01_%EC%9D%98%EB%A5%98/%EC%96%B8%EB%8D%94%EC%9B%A8%EC%96%B4_8525613&utm_content=mo_schedule&hsmoa_userid=&hsmoa_code=moa
2026-08-17,월,20:23,저녁 18-21,W쇼핑,T커머스,라이나,라이나생명 (무)새로담는 간편건강보험 ( : 신세계상품권 최대 3만원),여행서비스,,https://m.w-shopping.co.kr/display/goods/24739750?mediaCode=MC04&hsmoa_userid=&hsmoa_code=moa
2026-08-17,월,20:31,저녁 18-21,bshop,미분류,사임당,[사임당] 발패치 60매+(방송에서만)무료체험 10매,기타,59800,http://m.skstoa.com/display/goods/63250834?orderMedia=62&mediaCode=EP01&mediaTarget=001&utm_source=hsmoa&utm_medium=affiliate&utm_campaign=hsmoaonair&hsmoa_userid=&hsmoa_code=moa
2026-08-17,월,20:32,저녁 18-21,K쇼핑,T커머스,르 투아,"[런칭가69,900원] 26SS 르투아 린넨 셔츠자켓+민소매블라우스 2종",패션의류,44000,http://m.kshop.co.kr/display/mc/product/8500931?with_code=000155&utm_source=hsmoa_ep&utm_medium=cps&utm_campaign=prd_01_%EC%9D%98%EB%A5%98/%EC%96%B8%EB%8D%94%EC%9B%A8%EC%96%B4_8500931&utm_content=mo_schedule&hsmoa_userid=&hsmoa_code=moa
2026-08-17,월,20:32,저녁 18-21,K쇼핑,T커머스,에이스바이옴,[비에날씬](BNR17)다이어트유산균 9박스+슬림플러스2박스+진공 스팀다리미,건강기능식품,548000,http://m.kshop.co.kr/display/mc/product/10084283?with_code=000004&utm_source=hsmoa_ep&utm_medium=cps&utm_campaign=prd_01_%EC%8B%9D%ED%92%88/%EA%B1%B4%EA%B0%95_10084283&utm_content=mo_schedule&hsmoa_userid=&hsmoa_code=moa
2026-08-17,월,20:33,저녁 18-21,쇼핑엔티,T커머스,[No brand names found.],[50%세일] 골드 카무트 효소 12박스 + 파로 5봉 + 복부마사지기,기타,198000,https://m.shoppingntmall.com/display/goods/28268026?mediaCode=MC04&hsmoa_userid=&hsmoa_code=moa
2026-08-17,월,20:35,저녁 18-21,ssgshop,미분류,대한항공,"[여행의신세계]참좋은여행 운남성일주(곤명/대리/여강+샹그릴라) 5/6일 노옵션,대한항공",여행서비스,,https://m.shinsegaetvshopping.com/display/detail/1003387863?inMediaCode=MC02&ckwhere=hsm_live&hsmoa_userid=&hsmoa_code=moa
2026-08-17,월,20:35,저녁 18-21,NS홈쇼핑,TV홈쇼핑,[No brand names found.],뼈엔 MBP 12박스+식물성 오메가3 600 미니 2박스,건강기능식품,459000,https://m.nsmall.com/gate?ptnCd=481&hsmoa_userid=&target=/goods/35940859&hsmoa_code=moa
2026-08-17,월,20:38,저녁 18-21,GS샵,TV홈쇼핑,세포랩,세포랩 스페셜 에디션 93% 155ml 4병+30ml 4병+100ml 1병+스프레이캡,기타,289000,https://m.gsshop.com/alia/aliaGate.gs?media=LGx&gourl=/prd/prd.gs?prdid=1129921305&hsmoa_userid=&hsmoa_code=moa&utm_source=nscreen&utm_medium=affiliate&utm_campaign=homeshopmoa
2026-08-17,월,20:40,저녁 18-21,롯데홈쇼핑,TV홈쇼핑,루미에르,[방송구성]루미에르 LED 호텔형 수납침대 풀패키지 (라지킹/LK),가구인테리어,1699000,https://m.lotteimall.com/coop/affilGate.lotte?chl_no=160210&chl_dtl_no=2566413&returnUrl=/goods/viewGoodsDetail.lotte?goods_no=12893701&hsmoa_userid=&hsmoa_code=moa
2026-08-17,월,20:40,저녁 18-21,현대홈쇼핑,TV홈쇼핑,뼈엔 엠비피,[추가구성: 오메가3 2박스]뼈엔 엠비피 MBP 12개월분(130mgX30정X12박스),건강기능식품,459000,https://www.hmall.com/md/pda/itemPtc?utm_source=homemoadata&utm_medium=cps&utm_campaign=sale&ReferCode=dm1&slitmCd=2248985620&hsmoa_userid=&hsmoa_code=moa
2026-08-17,월,20:43,저녁 18-21,NS홈쇼핑,TV홈쇼핑,테팔,테팔 무선청소기 엑스퍼트 6.60,가전,179000,https://m.nsmall.com/gate?ptnCd=536&hsmoa_userid=&target=/goods/35924478&hsmoa_code=moa
2026-08-17,월,20:45,저녁 18-21,GS샵,TV홈쇼핑,[No brand names found.],[상담만 받아도 특별한혜택] (무)원스톱프리미엄암보험_치료비플랜,여행서비스,,https://m.gsshop.com/alia/aliaGate.gs?media=LAr&gourl=https://insu.gsshop.com/Product.do?cmd=read&flag=info&company_cd=L52&product_cd=L52123&product_type=102&product_display_type=38&mediafrtv=Me&MALIVE=Y
2026-08-17,월,20:45,저녁 18-21,CJ온스타일,TV홈쇼핑,이롬,[이승연쇼] 황성주 박사의 라이프밀6+2+프로틴3박스+흔들컵2,건강기능식품,298000,https://display.cjonstyle.com/m/item/2079465499?infl_cd=I0278&utm_medium=pcs&utm_source=hsmoa&channelCode=30002002&chn_cd=30002002&hsmoa_userid=&hsmoa_code=moa
2026-08-17,월,20:45,저녁 18-21,홈앤쇼핑,TV홈쇼핑,KAMUT,[50%세일][KAMUT]골드카무트 효소 11박스+파로 8봉+저당밥솥 1개,가전,181500,http://m.hnsmall.com/goods/view/83247776?channel_code=20214&utm_source=Hsmoa&utm_medium=AF&utm_campaign=TV_None_83247776&hsmoa_userid=&hsmoa_code=moa
2026-08-17,월,20:45,저녁 18-21,CJ온스타일,TV홈쇼핑,비 에 날씬 프로,[최다 11개월] 프로 다이어트 유산균 10개월분+슬림플러스 1개월분,건강기능식품,599000,https://display.cjonstyle.com/m/item/2083182833?infl_cd=I0367&utm_medium=pcs&utm_source=hsmoa&hsmoa_userid=&hsmoa_code=moa
2026-08-17,월,20:45,저녁 18-21,롯데홈쇼핑,TV홈쇼핑,[No brand names found.],18K 골드 랩다이아몬드 2캐럿 솔리테어 목걸이 + IGI 감정서 + 18K 럭키빈 펜던트 목걸이 + 18K 골든볼 천연석 목걸이 + 14K 골든볼 펜던트 천연석 목걸이,패션잡화,1699000,https://m.lotteimall.com/coop/affilGate.lotte?chl_no=139564&chl_dtl_no=2538702&returnUrl=/goods/viewGoodsDetail.lotte?goods_no=12919026&hsmoa_userid=&hsmoa_code=moa
2026-08-17,월,20:45,저녁 18-21,롯데홈쇼핑,TV홈쇼핑,18K,18K 골드 랩그로운 에메랄드 테니스 팔찌 (총 4.0캐럿) + 18K 럭키빈 펜던트 목걸이 + 18K 골든볼 천연석 목걸이,패션잡화,3590000,https://m.lotteimall.com/coop/affilGate.lotte?chl_no=139564&chl_dtl_no=2538702&returnUrl=/goods/viewGoodsDetail.lotte?goods_no=12913130
2026-08-17,월,20:45,저녁 18-21,롯데홈쇼핑,TV홈쇼핑,18K,18K 골드 랩다이아몬드 프시케 그라데이션 테니스 팔찌 (총 12.5캐럿) + 18K 럭키빈 펜던트 목걸이 + 18K 골든볼 천연석 목걸이,패션잡화,3690000,https://m.lotteimall.com/coop/affilGate.lotte?chl_no=139564&chl_dtl_no=2538702&returnUrl=/goods/viewGoodsDetail.lotte?goods_no=12913129
2026-08-17,월,20:45,저녁 18-21,롯데홈쇼핑,TV홈쇼핑,18K,18K 골드 랩그로운 에메랄드 이터니티 반지 + 18K 클래식 반지 + 18K 골든볼 천연석 목걸이,패션잡화,990000,https://m.lotteimall.com/coop/affilGate.lotte?chl_no=139564&chl_dtl_no=2538702&returnUrl=/goods/viewGoodsDetail.lotte?goods_no=12913127
2026-08-17,월,20:45,저녁 18-21,롯데홈쇼핑,TV홈쇼핑,18K,18K 골드 랩다이아몬드 이터니티 반지 + 18K 클래식 반지 + 18K 골든볼 천연석 목걸이,패션잡화,1050000,https://m.lotteimall.com/coop/affilGate.lotte?chl_no=139564&chl_dtl_no=2538702&returnUrl=/goods/viewGoodsDetail.lotte?goods_no=12913126
2026-08-17,월,20:45,저녁 18-21,롯데홈쇼핑,TV홈쇼핑,18K,18K 골드 랩다이아몬드 2캐럿 솔리테어 귀걸이 + IGI 감정서 + 18K 럭키빈 펜던트 목걸이 + 18K 골든볼 천연석 목걸이,패션잡화,1490000,https://m.lotteimall.com/coop/affilGate.lotte?chl_no=139564&chl_dtl_no=2538702&returnUrl=/goods/viewGoodsDetail.lotte?goods_no=12913124
2026-08-17,월,20:45,저녁 18-21,롯데홈쇼핑,TV홈쇼핑,18K,18K 골드 랩다이아몬드 2캐럿 원터치 귀걸이 + IGI 감정서 + 18K 럭키빈 펜던트 목걸이 + 18K 골든볼 천연석 목걸이,패션잡화,1590000,https://m.lotteimall.com/coop/affilGate.lotte?chl_no=139564&chl_dtl_no=2538702&returnUrl=/goods/viewGoodsDetail.lotte?goods_no=12913125
2026-08-17,월,20:45,저녁 18-21,롯데홈쇼핑,TV홈쇼핑,18K,18K 골드 랩다이아몬드 3캐럿 오벌 반지 + IGI 감정서 + 18K 클래식 반지 + 18K 골든볼 천연석 목걸이,패션잡화,3290000,https://m.lotteimall.com/coop/affilGate.lotte?chl_no=139564&chl_dtl_no=2538702&returnUrl=/goods/viewGoodsDetail.lotte?goods_no=12913123
2026-08-17,월,20:45,저녁 18-21,롯데홈쇼핑,TV홈쇼핑,18K,18K 골드 랩다이아몬드 1캐럿 반지 + IGI 감정서 + 18K 클래식 반지 + 18K 골든볼 천연석 목걸이,패션잡화,1780000,https://m.lotteimall.com/coop/affilGate.lotte?chl_no=139564&chl_dtl_no=2538702&returnUrl=/goods/viewGoodsDetail.lotte?goods_no=12913122
2026-08-17,월,20:45,저녁 18-21,롯데홈쇼핑,TV홈쇼핑,18K,18K 골드 랩다이아몬드 3캐럿 솔리테어 목걸이 + IGI 감정서 + 18K 럭키빈 펜던트 목걸이 + 18K 골든볼 천연석 목걸이,패션잡화,3090000,https://m.lotteimall.com/coop/affilGate.lotte?chl_no=139564&chl_dtl_no=2538702&returnUrl=/goods/viewGoodsDetail.lotte?goods_no=12913120
2026-08-17,월,21:23,밤 21-24,W쇼핑,T커머스,넥센,[상담예약] 넥센타이어 렌탈 NEXT LEVEL,여행서비스,,https://m.w-shopping.co.kr/display/goods/25655724?mediaCode=MC04&hsmoa_userid=&hsmoa_code=moa
2026-08-17,월,21:31,밤 21-24,bshop,미분류,코지마,[코지마] (최종가)(상품평이벤트)코지마 안마의자 데코르 CMC-A35+전용러그,가전,2080000,http://m.skstoa.com/display/goods/66446316?orderMedia=62&mediaCode=EP01&mediaTarget=001&utm_source=hsmoa&utm_medium=affiliate&utm_campaign=hsmoaonair&hsmoa_userid=&hsmoa_code=moa
2026-08-17,월,21:32,밤 21-24,K쇼핑,T커머스,이온폴리스,이온폴리스 픽수 전환밸브형 구강세정기,가전,59800,http://m.kshop.co.kr/display/mc/product/10033026?with_code=000155&utm_source=hsmoa_ep&utm_medium=cps&utm_campaign=prd_01_%EA%B0%80%EC%A0%84/%EB%94%94%EC%A7%80%ED%84%B8_10033026&utm_content=mo_schedule&hsmoa_userid=&hsmoa_code=moa
2026-08-17,월,21:33,밤 21-24,K쇼핑,T커머스,바디 프랜드,"바디프랜드 NEW 팔콘 마사지체어(월1만원대~, 항공권 총 1000만 추첨)",여행서비스,,http://m.kshop.co.kr/display/mc/product/10121100?with_code=000004&utm_source=hsmoa_ep&utm_medium=cps&utm_campaign=prd_01_%EC%97%AC%ED%96%89/%EB%AC%B8%ED%99%94_10121100&utm_content=mo_schedule&hsmoa_userid=&hsmoa_code=moa
2026-08-17,월,21:34,밤 21-24,쇼핑엔티,T커머스,바른투어,바른투어 태항산 5일 (NO선택관광+320불 상당 유료관광 포함+VIP버스),여행서비스,,https://m.shoppingntmall.com/display/goods/28487576?mediaCode=MC04&hsmoa_userid=&hsmoa_code=moa
2026-08-17,월,21:36,밤 21-24,ssgshop,미분류,가누다,"[삼성카드, 할인](단독/방송에서만) 가누다 블루라벨 피아노 베개 2개 세트 (+머리냅 1개)",침구,298000,https://m.shinsegaetvshopping.com/display/detail/1000787742?inMediaCode=MC02&ckwhere=hsm_live&hsmoa_userid=&hsmoa_code=moa
2026-08-17,월,21:38,밤 21-24,GS샵,TV홈쇼핑,글램팜,글램팜 더컬패키지 GP201미용실고데기+GP103CV핑크미니고데기+블랙파우치 3종모두 파격가,패션잡화,249000,https://m.gsshop.com/alia/aliaGate.gs?media=LGx&gourl=/prd/prd.gs?prdid=1105090167&hsmoa_userid=&hsmoa_code=moa&utm_source=nscreen&utm_medium=affiliate&utm_campaign=homeshopmoa
2026-08-17,월,21:40,밤 21-24,롯데홈쇼핑,TV홈쇼핑,No brand names found.,보물섬투어 푸꾸옥VS나트랑 5일 패키지,여행서비스,,https://m.lotteimall.com/coop/affilGate.lotte?chl_no=160210&chl_dtl_no=2566413&returnUrl=/goods/viewGoodsDetail.lotte?goods_no=12917421&hsmoa_userid=&hsmoa_code=moa
2026-08-17,월,21:40,밤 21-24,현대홈쇼핑,TV홈쇼핑,No brand names found.,[NO옵션][4인 이상 풀빌라] 푸꾸옥 5일 or 다낭/호이안 5일 or 나트랑/달랏 5일,여행서비스,,https://www.hmall.com/md/pda/itemPtc?utm_source=homemoadata&utm_medium=cps&utm_campaign=sale&ReferCode=dm1&slitmCd=2252626910&hsmoa_userid=&hsmoa_code=moa
2026-08-17,월,21:40,밤 21-24,NS홈쇼핑,TV홈쇼핑,어부예찬,어부예찬 국내산 촉촉오징어 왕특대 8미(2미X4봉)+오징어채 1봉(50g),식품,89900,https://m.nsmall.com/gate?ptnCd=481&hsmoa_userid=&target=/goods/35661160&hsmoa_code=moa
2026-08-17,월,21:43,밤 21-24,NS홈쇼핑,TV홈쇼핑,유로 컬렉션,유로컬렉션 호주산 양모 후드 하프코트,패션의류,99000,https://m.nsmall.com/gate?ptnCd=539&hsmoa_userid=&target=/goods/36094450&hsmoa_code=moa
2026-08-17,월,21:45,밤 21-24,GS샵,TV홈쇼핑,코어,코어 어센틱 레더 버뮤다,기타,139900,https://m.gsshop.com/alia/aliaGate.gs?media=LAr&gourl=/prd/prd.gs?prdid=1088731921
2026-08-17,월,21:45,밤 21-24,GS샵,TV홈쇼핑,코어,코어 어센틱 레더 스커트,패션의류,129900,https://m.gsshop.com/alia/aliaGate.gs?media=LAr&gourl=/prd/prd.gs?prdid=1088731976
2026-08-17,월,21:45,밤 21-24,GS샵,TV홈쇼핑,코어,"코어 어센틱 캐시울 데미지 니트 [런칭 가격 99,900원]",패션의류,49900,https://m.gsshop.com/alia/aliaGate.gs?media=LAr&gourl=/prd/prd.gs?prdid=1088842876
2026-08-17,월,21:45,밤 21-24,GS샵,TV홈쇼핑,코어,"코어 어센틱 벨티드 더블페이스 핸메 코트 [런칭 가격 179,900원]",패션의류,99900,https://m.gsshop.com/alia/aliaGate.gs?media=LAr&gourl=/prd/prd.gs?prdid=1088843532
2026-08-17,월,21:45,밤 21-24,GS샵,TV홈쇼핑,코어,코어 어센틱 26FW 실크 브이넥 니트 3종,패션의류,89900,https://m.gsshop.com/alia/aliaGate.gs?media=LAr&gourl=/prd/prd.gs?prdid=1130178155
2026-08-17,월,21:45,밤 21-24,GS샵,TV홈쇼핑,코어,코어 어센틱 26FW 크롭 배럴 트라우저,기타,59900,https://m.gsshop.com/alia/aliaGate.gs?media=LAr&gourl=/prd/prd.gs?prdid=1130177868
2026-08-17,월,21:45,밤 21-24,GS샵,TV홈쇼핑,코어,"코어 어센틱 리얼 하이넥 무스탕+미니백 [런칭 가격 799,900원]",기타,599900,https://m.gsshop.com/alia/aliaGate.gs?media=LAr&gourl=/prd/prd.gs?prdid=1088736529
2026-08-17,월,21:45,밤 21-24,GS샵,TV홈쇼핑,코어,코어 어센틱 26FW 스트레이트 레그 데님,패션의류,59900,https://m.gsshop.com/alia/aliaGate.gs?media=LAr&gourl=/prd/prd.gs?prdid=1130178389
2026-08-17,월,21:45,밤 21-24,GS샵,TV홈쇼핑,코어,코어 어센틱 26FW 배럴 레그 데님,패션의류,69900,https://m.gsshop.com/alia/aliaGate.gs?media=LAr&gourl=/prd/prd.gs?prdid=1130082736
2026-08-17,월,21:45,밤 21-24,롯데홈쇼핑,TV홈쇼핑,AHC,★폴인레드패키지★ AHC 최신상 풀 리프트 아이크림 포 페이스 18통+체험분 2개+레드기초 2종(컨센트레이트+크림),뷰티,169000,https://m.lotteimall.com/coop/affilGate.lotte?chl_no=171633&chl_dtl_no=2584697&returnUrl=/goods/viewGoodsDetail.lotte?goods_no=12918051&hsmoa_userid=&hsmoa_code=moa
2026-08-17,월,21:45,밤 21-24,공영쇼핑,TV홈쇼핑,,강병원 한우투뿔 스테이크 130gx10팩,식품,69900,http://m.gongyoungshop.kr/gate/selectAliance.do?alcLnkCd=hsmoa&tgUrl=/goods/selectGoodsDetail.do?prdId=11929715
2026-08-17,월,21:45,밤 21-24,홈앤쇼핑,TV홈쇼핑,여에스더,[국민영양] 여에스더 PS 포스파티딜세린 10박스(20주분) + 카무트효소1박스,기타,89000,http://m.hnsmall.com/goods/view/82385304?channel_code=20397&utm_source=Hsmoa&utm_medium=AF&utm_campaign=TV_None_82385304&hsmoa_userid=&hsmoa_code=moa
2026-08-17,월,21:45,밤 21-24,현대홈쇼핑,TV홈쇼핑,t way,[비즈니스 클래스] 스페인+포르투갈 9일,여행서비스,,https://www.hmall.com/md/pda/itemPtc?utm_source=homemoatv&utm_medium=cps&utm_campaign=sale&ReferCode=s60&slitmCd=2252646544&hsmoa_userid=&hsmoa_code=moa
2026-08-17,월,21:45,밤 21-24,GS샵,TV홈쇼핑,코어 어센틱,코어 어센틱 26FW 릴렉스핏 블레이저,기타,89900,https://m.gsshop.com/alia/aliaGate.gs?media=LUz&gourl=/prd/prd.gs?prdid=1130177116&hsmoa_userid=&hsmoa_code=moa&utm_source=nscreen&utm_medium=affiliate&utm_campaign=homeshopmoa
2026-08-17,월,21:45,밤 21-24,CJ온스타일,TV홈쇼핑,원더 바스,레몬청 클렌저_허니&레몬 기본패키지(클렌저5+선크림2),뷰티,89000,https://display.cjonstyle.com/m/item/2084667231?infl_cd=I0482&utm_medium=pcs&utm_source=hsmoa&channelCode=30002002&chn_cd=30002002&hsmoa_userid=&hsmoa_code=moa
2026-08-17,월,21:45,밤 21-24,CJ온스타일,TV홈쇼핑,하이원,[2박 4인]하이원 올인클루시브 패키지,여행서비스,279000,https://display.cjonstyle.com/m/item/2086587845?infl_cd=I0101&utm_medium=pcs&utm_source=hsmoa&hsmoa_userid=&hsmoa_code=moa
2026-08-17,월,22:24,밤 21-24,W쇼핑,T커머스,히트 락,★트롯가수 김용빈 추천★에코센스 히트락 올트라이탄 밀폐용기 12종 +핸들형2.5L 2종 (총14종),생활용품,79800,https://m.w-shopping.co.kr/display/goods/25005677?mediaCode=MC56&hsmoa_userid=&hsmoa_code=moa
2026-08-17,월,22:31,밤 21-24,bshop,미분류,니카사,[니카사] (방송에서만)니카사 진공흡착 스팀다리미 시즌2,생활용품,198000,http://m.skstoa.com/display/goods/65902985?orderMedia=62&mediaCode=EP08&mediaTarget=001&utm_source=hsmoa&utm_medium=affiliate&utm_campaign=hsmoaoffair&hsmoa_userid=&hsmoa_code=moa
2026-08-17,월,22:33,밤 21-24,쇼핑엔티,T커머스,교원투어,[교원투어] 백두산 서파+북파 4일 (NO기사가이드경비/NO선택관광),여행서비스,,https://m.shoppingntmall.com/display/goods/28498463?mediaCode=SH04&hsmoa_userid=&hsmoa_code=moa
2026-08-17,월,22:33,밤 21-24,K쇼핑,T커머스,도미솔,[도미솔] 절구통 보리 포기김치 10kg,식품,49900,http://m.kshop.co.kr/display/mc/product/6764082?with_code=100315&utm_source=hsmoa_ep&utm_medium=cps&utm_campaign=prd_01_%EC%8B%9D%ED%92%88/%EA%B1%B4%EA%B0%95_6764082&utm_content=mo_schedule&hsmoa_userid=&hsmoa_code=moa
2026-08-17,월,22:33,밤 21-24,K쇼핑,T커머스,핏테라,핏테라 더블 무릎보호대 2세트,기타,49800,http://m.kshop.co.kr/display/mc/product/10190209?with_code=100315&utm_source=hsmoa_ep&utm_medium=cps&utm_campaign=prd_01_%EC%8B%9D%ED%92%88/%EA%B1%B4%EA%B0%95_10190209&utm_content=mo_schedule&hsmoa_userid=&hsmoa_code=moa
2026-08-17,월,22:36,밤 21-24,ssgshop,미분류,여행의신세계,[여행의신세계]여기어때 장가계 5일 2대야경+5성급호텔 4연박 299천원/399천원,여행서비스,,https://m.shinsegaetvshopping.com/display/detail/1003096009?inMediaCode=MC02&ckwhere=hsmser&hsmoa_userid=&hsmoa_code=moa
2026-08-17,월,22:38,밤 21-24,GS샵,TV홈쇼핑,내셔널 지오그래픽,내셔널지오그래픽 오르비스 캐리어 여행가방세트,패션잡화,328000,https://m.gsshop.com/alia/aliaGate.gs?media=LVA&gourl=/prd/prd.gs?prdid=1104624969&hsmoa_userid=&hsmoa_code=moa&utm_source=nscreen&utm_medium=affiliate&utm_campaign=homeshopmoa
2026-08-17,월,22:40,밤 21-24,롯데홈쇼핑,TV홈쇼핑,베리 타 코리아,*옥스클로즈 후드 트렌치 코트 (81041851/ 81041861),패션의류,1590000,https://m.lotteimall.com/coop/affilGate.lotte?chl_no=171634&chl_dtl_no=2584694&returnUrl=/goods/viewGoodsDetail.lotte?goods_no=12919613&hsmoa_userid=&hsmoa_code=moa
2026-08-17,월,22:40,밤 21-24,현대홈쇼핑,TV홈쇼핑,,베스트넛츠 프리미엄 견과 100봉 (20g x 20봉 x 5박스),패션의류,89900,https://www.hmall.com/md/pda/itemPtc?utm_source=homemoatv&utm_medium=cps&utm_campaign=sale&ReferCode=dm1&slitmCd=2238849307
2026-08-17,월,22:43,밤 21-24,NS홈쇼핑,TV홈쇼핑,[No brand names found.],프리미엄 오한진의 백세알부민 1박스(30병),기타,129000,https://m.nsmall.com/gate?ptnCd=539&hsmoa_userid=&target=/goods/36072198&hsmoa_code=moa
2026-08-17,월,22:45,밤 21-24,NS홈쇼핑,TV홈쇼핑,쿠쿠,쿠쿠 인스퓨어 미니100 초소형 정수기(CP-AMS100EWH),가전,,https://m.nsmall.com/gate?ptnCd=538&hsmoa_userid=&target=/goods/36087001&hsmoa_code=moa
2026-08-17,월,22:45,밤 21-24,CJ온스타일,TV홈쇼핑,락포트,NEW 에어로컴포트 스니커즈 (여성),패션잡화,109000,https://display.cjonstyle.com/m/item/2082065352?infl_cd=I0482&utm_medium=pcs&utm_source=hsmoa&channelCode=30002002&chn_cd=30002002&hsmoa_userid=&hsmoa_code=moa
2026-08-17,월,22:50,밤 21-24,공영쇼핑,TV홈쇼핑,명진,"[명진] 손질통오징어 100g×20미 (1팩/2미, 총 10팩)",식품,39900,http://m.gongyoungshop.kr/gate/selectAliance.do?alcLnkCd=hsmtv&tgUrl=/goods/selectGoodsDetail.do?prdId=11943482&hsmoa_userid=&hsmoa_code=moa
2026-08-17,월,22:55,밤 21-24,롯데홈쇼핑,TV홈쇼핑,쿼드 쎄라,[풀패키지구성]★최신상★쿼드쎄라 펜타 기기+포헤르츠 마스크젤 80g*3통+포헤르츠 히알라겐 버블 세럼 70ml,뷰티,870000,https://m.lotteimall.com/coop/affilGate.lotte?chl_no=171633&chl_dtl_no=2584697&returnUrl=/goods/viewGoodsDetail.lotte?goods_no=12917134&hsmoa_userid=&hsmoa_code=moa
2026-08-17,월,22:55,밤 21-24,홈앤쇼핑,TV홈쇼핑,지프,[JEEP] 26SS 남성 면팬츠 2종,패션의류,39000,http://m.hnsmall.com/goods/view/73438528?channel_code=20397&utm_source=Hsmoa&utm_medium=AF&utm_campaign=TV_Fashion_73438528&hsmoa_userid=&hsmoa_code=moa
2026-08-17,월,22:55,밤 21-24,현대홈쇼핑,TV홈쇼핑,사포니피치오,[이탈리아 피렌체 직수입] [8/11 통관 최초 공개] 사포니피치오 피렌체 리퀴드 솝 더블 패키지 (6병),기타,159000,https://www.hmall.com/md/pda/itemPtc?utm_source=homemoatv&utm_medium=cps&utm_campaign=sale&ReferCode=s60&slitmCd=2252672074&hsmoa_userid=&hsmoa_code=moa
2026-08-17,월,23:15,밤 21-24,CJ온스타일,TV홈쇼핑,더엣지,폭스퍼 헝가리구스 롱다운,패션의류,159500,https://display.cjonstyle.com/m/item/2069751540?infl_cd=I0482&utm_medium=pcs&utm_source=hsmoa&channelCode=30002002&chn_cd=30002002&hsmoa_userid=&hsmoa_code=moa
2026-08-17,월,23:24,밤 21-24,W쇼핑,T커머스,케라셀네일,[오직 방송에서만] 케라셀네일 손발톱영양케어세트 (본품 3개 + 풋크림 1개),뷰티,69900,https://m.w-shopping.co.kr/display/goods/24460291?mediaCode=MC56&hsmoa_userid=&hsmoa_code=moa
2026-08-17,월,23:31,밤 21-24,bshop,미분류,플루,[플루] (최대용량)슈퍼비타 스크럽 바디워시(500g*5 + 200g*2),뷰티,59900,http://m.skstoa.com/display/goods/63759397?orderMedia=62&mediaCode=EP08&mediaTarget=001&utm_source=hsmoa&utm_medium=affiliate&utm_campaign=hsmoaoffair&hsmoa_userid=&hsmoa_code=moa
2026-08-17,월,23:33,밤 21-24,쇼핑엔티,T커머스,라이나생명,라이나생명 (무)새로담는간편건강보험(해약환급금미지급형_갱신형)(신세계상품권 3만원),여행서비스,,https://m.shoppingntmall.com/display/goods/28403851?mediaCode=SH04&hsmoa_userid=&hsmoa_code=moa
2026-08-17,월,23:33,밤 21-24,K쇼핑,T커머스,GGPX,[론칭가699][GGPX] 26SS 글리터 후디 셋업4종,패션의류,49900,http://m.kshop.co.kr/display/mc/product/8670532?with_code=100315&utm_source=hsmoa_ep&utm_medium=cps&utm_campaign=prd_01_%EC%9D%98%EB%A5%98/%EC%96%B8%EB%8D%94%EC%9B%A8%EC%96%B4_8670532&utm_content=mo_schedule&hsmoa_userid=&hsmoa_code=moa
2026-08-17,월,23:33,밤 21-24,K쇼핑,T커머스,코오롱,코오롱모빌리티그룹 신차장기렌터카(상담) / 배민 총 500만원추첨,여행서비스,,http://m.kshop.co.kr/display/mc/product/10372008?with_code=100315&utm_source=hsmoa_ep&utm_medium=cps&utm_campaign=prd_01_%EC%97%AC%ED%96%89/%EB%AC%B8%ED%99%94_10372008&utm_content=mo_schedule&hsmoa_userid=&hsmoa_code=moa
2026-08-17,월,23:37,밤 21-24,ssgshop,미분류,닥터,[삼성카드][단독! 최신상!] 닥터3 엑소좀 리페어 글로우 팩트 (본품10g*2개 + 리필10g*3개),기타,62900,https://m.shinsegaetvshopping.com/display/detail/1000789736?inMediaCode=MC02&ckwhere=hsmser&hsmoa_userid=&hsmoa_code=moa
2026-08-17,월,23:38,밤 21-24,GS샵,TV홈쇼핑,테이핑테크,테이핑테크 슬개건 보호대 2세트,기타,39800,https://m.gsshop.com/alia/aliaGate.gs?media=LVA&gourl=/prd/prd.gs?prdid=1104374623&hsmoa_userid=&hsmoa_code=moa&utm_source=nscreen&utm_medium=affiliate&utm_campaign=homeshopmoa
2026-08-17,월,23:40,밤 21-24,롯데홈쇼핑,TV홈쇼핑,질경이,★더블/8박스★ 질경이 이너케어 3개입 x 8박스(박스 구성 內 무료체험분 1개입 포함)+페미닌 티슈 2팩,기타,89000,https://m.lotteimall.com/coop/affilGate.lotte?chl_no=171634&chl_dtl_no=2584694&returnUrl=/goods/viewGoodsDetail.lotte?goods_no=12864749&hsmoa_userid=&hsmoa_code=moa
2026-08-17,월,23:40,밤 21-24,현대홈쇼핑,TV홈쇼핑,엠베스트,[메가스터디교육] 엠베스트 중등학습 상담예약,패션의류,,https://www.hmall.com/md/pda/itemPtc?utm_source=homemoadata&utm_medium=cps&utm_campaign=sale&ReferCode=s61&slitmCd=2108902665&hsmoa_userid=&hsmoa_code=moa
2026-08-17,월,23:43,밤 21-24,NS홈쇼핑,TV홈쇼핑,No brand names found.,보람피플 스마트299 가전+상품권,여행서비스,,https://m.nsmall.com/gate?ptnCd=539&hsmoa_userid=&target=/goods/36093087&hsmoa_code=moa
2026-08-17,월,23:45,밤 21-24,CJ온스타일,TV홈쇼핑,Cacharel,"[최초가 79,900원] 26S/S 시스루 스팽글 케이프니트 3종+캐미솔 세트",패션의류,39900,https://display.cjonstyle.com/m/item/2078850932?infl_cd=I0482&utm_medium=pcs&utm_source=hsmoa&channelCode=30002002&chn_cd=30002002&hsmoa_userid=&hsmoa_code=moa
2026-08-17,월,23:50,밤 21-24,NS홈쇼핑,TV홈쇼핑,No brand names found.,(이태리직수입)마이베스트백 자카드백(라지),패션의류,349000,https://m.nsmall.com/gate?ptnCd=538&hsmoa_userid=&target=/goods/36065694&hsmoa_code=moa
2026-08-17,월,23:55,밤 21-24,롯데홈쇼핑,TV홈쇼핑,[No brand names found.],★최다구성★☆한창서패키지☆ 독일 직수입 슈라멕 블레미쉬밤 클래식 30ml 4통+♡리뷰시♡ 본품 1통 더+체험분 2매+브러쉬+파우치+퍼프,패션잡화,198000,https://m.lotteimall.com/coop/affilGate.lotte?chl_no=171633&chl_dtl_no=2584697&returnUrl=/goods/viewGoodsDetail.lotte?goods_no=12919066&hsmoa_userid=&hsmoa_code=moa
2026-08-17,월,23:55,밤 21-24,홈앤쇼핑,TV홈쇼핑,홀베리,[방송에서만 50%] 홀베리 유기농 레몬즙 12박스(168포),식품,99900,http://m.hnsmall.com/goods/view/82190979?channel_code=20397&utm_source=Hsmoa&utm_medium=AF&utm_campaign=TV_None_82190979&hsmoa_userid=&hsmoa_code=moa
2026-08-17,월,23:55,밤 21-24,현대홈쇼핑,TV홈쇼핑,현대해상,현대해상 두배받는암보험,여행서비스,,https://www.hmall.com/md/pda/itemPtc?utm_source=homemoatv&utm_medium=cps&utm_campaign=sale&ReferCode=s60&slitmCd=2206929114&hsmoa_userid=&hsmoa_code=moa
2026-08-17,월,23:55,밤 21-24,GS샵,TV홈쇼핑,해리메이슨,해리메이슨 플러피백 4종,기타,99000,https://m.gsshop.com/alia/aliaGate.gs?media=LUz&gourl=/prd/prd.gs?prdid=1133197288&hsmoa_userid=&hsmoa_code=moa&utm_source=nscreen&utm_medium=affiliate&utm_campaign=homeshopmoa
2026-08-17,월,23:55,밤 21-24,CJ온스타일,TV홈쇼핑,라이나 생명,[방송 중 상담만 받아도 혜택] 새로담는 간편건강보험_심플건강보험,여행서비스,,https://display.cjonstyle.com/m/item/2090807117?infl_cd=I0101&utm_medium=pcs&utm_source=hsmoa&hsmoa_userid=&hsmoa_code=moa
2026-08-16,일,19:21,저녁 18-21,W쇼핑,T커머스,여에스더,(방송에서만) 여에스더 리포좀 글루타치온 다이렉트 울트라 9X 6+2박스 (8개월분),기타,198000,https://m.w-shopping.co.kr/display/goods/25443443?mediaCode=MC56&hsmoa_userid=&hsmoa_code=moa
2026-08-16,일,19:30,저녁 18-21,현대홈쇼핑,TV홈쇼핑,포미,[역사상 단한번 초특가] 포미 토마토100% 착즙주스 750ml x 18팩,식품,40900,https://www.hmall.com/md/pda/itemPtc?utm_source=homemoatv&utm_medium=cps&utm_campaign=sale&ReferCode=m20&slitmCd=2252525772&hsmoa_userid=&hsmoa_code=moa
2026-08-16,일,19:31,저녁 18-21,bshop,미분류,선일금고,[선일금고] (100만원 세일)60L 루셀 프리미엄 (UP-060),기타,1190000,http://m.skstoa.com/display/goods/64119553?orderMedia=62&mediaCode=EP08&mediaTarget=001&utm_source=hsmoa&utm_medium=affiliate&utm_campaign=hsmoaoffair&hsmoa_userid=&hsmoa_code=moa
2026-08-16,일,19:32,저녁 18-21,K쇼핑,T커머스,르까프,[Lecaf]르까프 26SS 남성 시그니처 에브리데이 조거 팬츠 4종 세트,패션의류,39900,http://m.kshop.co.kr/display/mc/product/8423741?with_code=100315&utm_source=hsmoa_ep&utm_medium=cps&utm_campaign=prd_01_%EC%8A%A4%ED%8F%AC%EC%B8%A0/%EB%A0%88%EC%A0%80_8423741&utm_content=mo_schedule&hsmoa_userid=&hsmoa_code=moa
2026-08-16,일,19:32,저녁 18-21,K쇼핑,T커머스,보디가드,[보디가드] 26SS 남성 COOL메쉬 드로즈 10종,기타,49900,http://m.kshop.co.kr/display/mc/product/10126940?with_code=100315&utm_source=hsmoa_ep&utm_medium=cps&utm_campaign=prd_01_%EC%9D%98%EB%A5%98/%EC%96%B8%EB%8D%94%EC%9B%A8%EC%96%B4_10126940&utm_content=mo_schedule&hsmoa_userid=&hsmoa_code=moa
2026-08-16,일,19:33,저녁 18-21,쇼핑엔티,T커머스,대한 항공,노랑풍선 장가계 5일/6일 (대한항공+NO선택관광+VIP패스트트랙+370불상당 혜택),여행서비스,,https://m.shoppingntmall.com/display/goods/28487580?mediaCode=SH04&hsmoa_userid=&hsmoa_code=moa
2026-08-16,일,19:35,저녁 18-21,ssgshop,미분류,모두투어,[*특집전]모두투어 시그니처 태항산 4일/5일,여행서비스,,https://m.shinsegaetvshopping.com/display/detail/1003429777?inMediaCode=MC02&ckwhere=hsmser&hsmoa_userid=&hsmoa_code=moa
2026-08-16,일,19:35,저녁 18-21,NS홈쇼핑,TV홈쇼핑,[No brand names found.],여에스더 리포좀 글루타치온 다이렉트 12X 알파 네트워크 12박스(12개월)+글루타치온 3X 1박스(1개월),기타,394000,https://m.nsmall.com/gate?ptnCd=538&hsmoa_userid=&target=/goods/36119587&hsmoa_code=moa
2026-08-16,일,19:35,저녁 18-21,홈앤쇼핑,TV홈쇼핑,졸리줄리,[졸리줄리 썸머향수 99초특가] 그린러쉬 50ml + 어도러블애플 50ml + 프로포레100ml,뷰티,99000,http://m.hnsmall.com/goods/view/82070711?channel_code=20397&utm_source=Hsmoa&utm_medium=AF&utm_campaign=TV_Beauty_82070711&hsmoa_userid=&hsmoa_code=moa
2026-08-16,일,19:35,저녁 18-21,GS샵,TV홈쇼핑,동국 제약,[전무후무단한번] 2026 최신상 마데카크림 에이징포커스 20통 X 최신상 멜라에센스 6통,뷰티,199000,https://m.gsshop.com/alia/aliaGate.gs?media=LUz&gourl=/prd/prd.gs?prdid=1133501490&hsmoa_userid=&hsmoa_code=moa&utm_source=nscreen&utm_medium=affiliate&utm_campaign=homeshopmoa
2026-08-16,일,19:35,저녁 18-21,CJ온스타일,TV홈쇼핑,현대투어존,[여행먼저 크루즈],여행서비스,,https://display.cjonstyle.com/m/item/2033665760?infl_cd=I0101&utm_medium=pcs&utm_source=hsmoa&hsmoa_userid=&hsmoa_code=moa
2026-08-16,일,19:38,저녁 18-21,GS샵,TV홈쇼핑,NDC,[하나투어] 마나도 5일. NO 단체쇼핑. NDC 리조트앤스파. 국적기 왕복직항. 부나켄 호핑투어. 나인아일랜드,여행서비스,,https://m.gsshop.com/alia/aliaGate.gs?media=LVA&gourl=/prd/prd.gs?prdid=1132451802&hsmoa_userid=&hsmoa_code=moa&utm_source=nscreen&utm_medium=affiliate&utm_campaign=homeshopmoa
2026-08-16,일,19:40,저녁 18-21,롯데홈쇼핑,TV홈쇼핑,샤빌,샤빌 프리메쉬 냉감 브라팬티 5세트,패션의류,79800,https://m.lotteimall.com/coop/affilGate.lotte?chl_no=171634&chl_dtl_no=2584694&returnUrl=/goods/viewGoodsDetail.lotte?goods_no=12918551&hsmoa_userid=&hsmoa_code=moa
2026-08-16,일,19:40,저녁 18-21,현대홈쇼핑,TV홈쇼핑,롯데관광,[롯데관광][NO팁NO옵션][대한항공X힐튼호텔] 서안+화산 4일 패키지,여행서비스,,https://www.hmall.com/md/pda/itemPtc?utm_source=homemoadata&utm_medium=cps&utm_campaign=sale&ReferCode=s61&slitmCd=2252536290&hsmoa_userid=&hsmoa_code=moa
2026-08-16,일,19:42,저녁 18-21,NS홈쇼핑,TV홈쇼핑,,조리기능장 임성근의 진 삼계탕 1kgX8팩,식품,49900,https://m.nsmall.com/gate?ptnCd=539&hsmoa_userid=&target=/goods/35105388&hsmoa_code=moa
2026-08-16,일,19:45,저녁 18-21,CJ온스타일,TV홈쇼핑,비비안,프리미엄 여름 파자마 상하의 2세트(여성),패션의류,59900,https://display.cjonstyle.com/m/item/2083522442?infl_cd=I0482&utm_medium=pcs&utm_source=hsmoa&channelCode=30002002&chn_cd=30002002&hsmoa_userid=&hsmoa_code=moa
2026-08-16,일,20:12,저녁 18-21,K쇼핑,T커머스,에넥스,에넥스 밀라노 스타일 이태리 천연면피 통가죽 3인 소파,가구인테리어,2298000,http://m.kshop.co.kr/display/mc/product/9642950?with_code=100315&utm_source=hsmoa_ep&utm_medium=cps&utm_campaign=prd_01_%EA%B0%80%EA%B5%AC/%EC%9D%B8%ED%85%8C%EB%A6%AC%EC%96%B4_9642950&utm_content=mo_schedule&hsmoa_userid=&hsmoa_code=moa
2026-08-16,일,20:12,저녁 18-21,K쇼핑,T커머스,보디가드,[보디가드] 26SS 남성 COOL메쉬 드로즈 10종,기타,49900,http://m.kshop.co.kr/display/mc/product/8525613?with_code=100315&utm_source=hsmoa_ep&utm_medium=cps&utm_campaign=prd_01_%EC%9D%98%EB%A5%98/%EC%96%B8%EB%8D%94%EC%9B%A8%EC%96%B4_8525613&utm_content=mo_schedule&hsmoa_userid=&hsmoa_code=moa
2026-08-16,일,20:23,저녁 18-21,W쇼핑,T커머스,라이나,라이나생명 (무)새로담는 간편건강보험 ( : 신세계상품권 최대 3만원),여행서비스,,https://m.w-shopping.co.kr/display/goods/24739750?mediaCode=MC04&hsmoa_userid=&hsmoa_code=moa
2026-08-16,일,20:31,저녁 18-21,bshop,미분류,사임당,[사임당] 발패치 60매+(방송에서만)무료체험 10매,기타,59800,http://m.skstoa.com/display/goods/63250834?orderMedia=62&mediaCode=EP01&mediaTarget=001&utm_source=hsmoa&utm_medium=affiliate&utm_campaign=hsmoaonair&hsmoa_userid=&hsmoa_code=moa
2026-08-16,일,20:32,저녁 18-21,K쇼핑,T커머스,르 투아,"[런칭가69,900원] 26SS 르투아 린넨 셔츠자켓+민소매블라우스 2종",패션의류,44000,http://m.kshop.co.kr/display/mc/product/8500931?with_code=000155&utm_source=hsmoa_ep&utm_medium=cps&utm_campaign=prd_01_%EC%9D%98%EB%A5%98/%EC%96%B8%EB%8D%94%EC%9B%A8%EC%96%B4_8500931&utm_content=mo_schedule&hsmoa_userid=&hsmoa_code=moa
2026-08-16,일,20:32,저녁 18-21,K쇼핑,T커머스,에이스바이옴,[비에날씬](BNR17)다이어트유산균 9박스+슬림플러스2박스+진공 스팀다리미,건강기능식품,548000,http://m.kshop.co.kr/display/mc/product/10084283?with_code=000004&utm_source=hsmoa_ep&utm_medium=cps&utm_campaign=prd_01_%EC%8B%9D%ED%92%88/%EA%B1%B4%EA%B0%95_10084283&utm_content=mo_schedule&hsmoa_userid=&hsmoa_code=moa
2026-08-16,일,20:33,저녁 18-21,쇼핑엔티,T커머스,[No brand names found.],[50%세일] 골드 카무트 효소 12박스 + 파로 5봉 + 복부마사지기,기타,198000,https://m.shoppingntmall.com/display/goods/28268026?mediaCode=MC04&hsmoa_userid=&hsmoa_code=moa
2026-08-16,일,20:35,저녁 18-21,NS홈쇼핑,TV홈쇼핑,[No brand names found.],뼈엔 MBP 12박스+식물성 오메가3 600 미니 2박스,건강기능식품,459000,https://m.nsmall.com/gate?ptnCd=481&hsmoa_userid=&target=/goods/35940859&hsmoa_code=moa
2026-08-16,일,20:35,저녁 18-21,ssgshop,미분류,대한항공,"[여행의신세계]참좋은여행 운남성일주(곤명/대리/여강+샹그릴라) 5/6일 노옵션,대한항공",여행서비스,,https://m.shinsegaetvshopping.com/display/detail/1003387863?inMediaCode=MC02&ckwhere=hsm_live&hsmoa_userid=&hsmoa_code=moa
2026-08-16,일,20:38,저녁 18-21,GS샵,TV홈쇼핑,세포랩,세포랩 스페셜 에디션 93% 155ml 4병+30ml 4병+100ml 1병+스프레이캡,기타,289000,https://m.gsshop.com/alia/aliaGate.gs?media=LGx&gourl=/prd/prd.gs?prdid=1129921305&hsmoa_userid=&hsmoa_code=moa&utm_source=nscreen&utm_medium=affiliate&utm_campaign=homeshopmoa
2026-08-16,일,20:40,저녁 18-21,롯데홈쇼핑,TV홈쇼핑,루미에르,[방송구성]루미에르 LED 호텔형 수납침대 풀패키지 (라지킹/LK),가구인테리어,1699000,https://m.lotteimall.com/coop/affilGate.lotte?chl_no=160210&chl_dtl_no=2566413&returnUrl=/goods/viewGoodsDetail.lotte?goods_no=12893701&hsmoa_userid=&hsmoa_code=moa
2026-08-16,일,20:40,저녁 18-21,현대홈쇼핑,TV홈쇼핑,뼈엔 엠비피,[추가구성: 오메가3 2박스]뼈엔 엠비피 MBP 12개월분(130mgX30정X12박스),건강기능식품,459000,https://www.hmall.com/md/pda/itemPtc?utm_source=homemoadata&utm_medium=cps&utm_campaign=sale&ReferCode=dm1&slitmCd=2248985620&hsmoa_userid=&hsmoa_code=moa
2026-08-16,일,20:43,저녁 18-21,NS홈쇼핑,TV홈쇼핑,테팔,테팔 무선청소기 엑스퍼트 6.60,가전,179000,https://m.nsmall.com/gate?ptnCd=536&hsmoa_userid=&target=/goods/35924478&hsmoa_code=moa
2026-08-16,일,20:45,저녁 18-21,GS샵,TV홈쇼핑,[No brand names found.],[상담만 받아도 특별한혜택] (무)원스톱프리미엄암보험_치료비플랜,여행서비스,,https://m.gsshop.com/alia/aliaGate.gs?media=LAr&gourl=https://insu.gsshop.com/Product.do?cmd=read&flag=info&company_cd=L52&product_cd=L52123&product_type=102&product_display_type=38&mediafrtv=Me&MALIVE=Y
2026-08-16,일,20:45,저녁 18-21,CJ온스타일,TV홈쇼핑,비 에 날씬 프로,[최다 11개월] 프로 다이어트 유산균 10개월분+슬림플러스 1개월분,건강기능식품,,https://display.cjonstyle.com/m/item/2083182833?infl_cd=I0367&utm_medium=pcs&utm_source=hsmoa&hsmoa_userid=&hsmoa_code=moa
2026-08-16,일,20:45,저녁 18-21,CJ온스타일,TV홈쇼핑,이롬,[이승연쇼] 황성주 박사의 라이프밀6+2+프로틴3박스+흔들컵2,건강기능식품,298000,https://display.cjonstyle.com/m/item/2079465499?infl_cd=I0278&utm_medium=pcs&utm_source=hsmoa&channelCode=30002002&chn_cd=30002002&hsmoa_userid=&hsmoa_code=moa
2026-08-16,일,20:45,저녁 18-21,홈앤쇼핑,TV홈쇼핑,KAMUT,[50%세일][KAMUT]골드카무트 효소 11박스+파로 8봉+저당밥솥 1개,가전,181500,http://m.hnsmall.com/goods/view/83247776?channel_code=20214&utm_source=Hsmoa&utm_medium=AF&utm_campaign=TV_None_83247776&hsmoa_userid=&hsmoa_code=moa
2026-08-16,일,20:45,저녁 18-21,롯데홈쇼핑,TV홈쇼핑,[No brand names found.],18K 골드 랩다이아몬드 2캐럿 솔리테어 목걸이 + IGI 감정서 + 18K 럭키빈 펜던트 목걸이 + 18K 골든볼 천연석 목걸이 + 14K 골든볼 펜던트 천연석 목걸이,패션잡화,1699000,https://m.lotteimall.com/coop/affilGate.lotte?chl_no=139564&chl_dtl_no=2538702&returnUrl=/goods/viewGoodsDetail.lotte?goods_no=12919026&hsmoa_userid=&hsmoa_code=moa
2026-08-16,일,20:45,저녁 18-21,롯데홈쇼핑,TV홈쇼핑,18K,18K 골드 랩그로운 에메랄드 테니스 팔찌 (총 4.0캐럿) + 18K 럭키빈 펜던트 목걸이 + 18K 골든볼 천연석 목걸이,패션잡화,3590000,https://m.lotteimall.com/coop/affilGate.lotte?chl_no=139564&chl_dtl_no=2538702&returnUrl=/goods/viewGoodsDetail.lotte?goods_no=12913130
2026-08-16,일,20:45,저녁 18-21,롯데홈쇼핑,TV홈쇼핑,18K,18K 골드 랩다이아몬드 프시케 그라데이션 테니스 팔찌 (총 12.5캐럿) + 18K 럭키빈 펜던트 목걸이 + 18K 골든볼 천연석 목걸이,패션잡화,3690000,https://m.lotteimall.com/coop/affilGate.lotte?chl_no=139564&chl_dtl_no=2538702&returnUrl=/goods/viewGoodsDetail.lotte?goods_no=12913129
2026-08-16,일,20:45,저녁 18-21,롯데홈쇼핑,TV홈쇼핑,18K,18K 골드 랩그로운 에메랄드 이터니티 반지 + 18K 클래식 반지 + 18K 골든볼 천연석 목걸이,패션잡화,990000,https://m.lotteimall.com/coop/affilGate.lotte?chl_no=139564&chl_dtl_no=2538702&returnUrl=/goods/viewGoodsDetail.lotte?goods_no=12913127
2026-08-16,일,20:45,저녁 18-21,롯데홈쇼핑,TV홈쇼핑,18K,18K 골드 랩다이아몬드 이터니티 반지 + 18K 클래식 반지 + 18K 골든볼 천연석 목걸이,패션잡화,1050000,https://m.lotteimall.com/coop/affilGate.lotte?chl_no=139564&chl_dtl_no=2538702&returnUrl=/goods/viewGoodsDetail.lotte?goods_no=12913126
2026-08-16,일,20:45,저녁 18-21,롯데홈쇼핑,TV홈쇼핑,18K,18K 골드 랩다이아몬드 2캐럿 솔리테어 귀걸이 + IGI 감정서 + 18K 럭키빈 펜던트 목걸이 + 18K 골든볼 천연석 목걸이,패션잡화,1490000,https://m.lotteimall.com/coop/affilGate.lotte?chl_no=139564&chl_dtl_no=2538702&returnUrl=/goods/viewGoodsDetail.lotte?goods_no=12913124
2026-08-16,일,20:45,저녁 18-21,롯데홈쇼핑,TV홈쇼핑,18K,18K 골드 랩다이아몬드 2캐럿 원터치 귀걸이 + IGI 감정서 + 18K 럭키빈 펜던트 목걸이 + 18K 골든볼 천연석 목걸이,패션잡화,1590000,https://m.lotteimall.com/coop/affilGate.lotte?chl_no=139564&chl_dtl_no=2538702&returnUrl=/goods/viewGoodsDetail.lotte?goods_no=12913125
2026-08-16,일,20:45,저녁 18-21,롯데홈쇼핑,TV홈쇼핑,18K,18K 골드 랩다이아몬드 3캐럿 오벌 반지 + IGI 감정서 + 18K 클래식 반지 + 18K 골든볼 천연석 목걸이,패션잡화,3290000,https://m.lotteimall.com/coop/affilGate.lotte?chl_no=139564&chl_dtl_no=2538702&returnUrl=/goods/viewGoodsDetail.lotte?goods_no=12913123
2026-08-16,일,20:45,저녁 18-21,롯데홈쇼핑,TV홈쇼핑,18K,18K 골드 랩다이아몬드 1캐럿 반지 + IGI 감정서 + 18K 클래식 반지 + 18K 골든볼 천연석 목걸이,패션잡화,1780000,https://m.lotteimall.com/coop/affilGate.lotte?chl_no=139564&chl_dtl_no=2538702&returnUrl=/goods/viewGoodsDetail.lotte?goods_no=12913122
2026-08-16,일,20:45,저녁 18-21,롯데홈쇼핑,TV홈쇼핑,18K,18K 골드 랩다이아몬드 3캐럿 솔리테어 목걸이 + IGI 감정서 + 18K 럭키빈 펜던트 목걸이 + 18K 골든볼 천연석 목걸이,패션잡화,3090000,https://m.lotteimall.com/coop/affilGate.lotte?chl_no=139564&chl_dtl_no=2538702&returnUrl=/goods/viewGoodsDetail.lotte?goods_no=12913120
2026-08-16,일,21:23,밤 21-24,W쇼핑,T커머스,넥센,[상담예약] 넥센타이어 렌탈 NEXT LEVEL,여행서비스,,https://m.w-shopping.co.kr/display/goods/25655724?mediaCode=MC04&hsmoa_userid=&hsmoa_code=moa
2026-08-16,일,21:31,밤 21-24,bshop,미분류,코지마,[코지마] (최종가)(상품평이벤트)코지마 안마의자 데코르 CMC-A35+전용러그,가전,2080000,http://m.skstoa.com/display/goods/66446316?orderMedia=62&mediaCode=EP01&mediaTarget=001&utm_source=hsmoa&utm_medium=affiliate&utm_campaign=hsmoaonair&hsmoa_userid=&hsmoa_code=moa
2026-08-16,일,21:32,밤 21-24,K쇼핑,T커머스,이온폴리스,이온폴리스 픽수 전환밸브형 구강세정기,가전,59800,http://m.kshop.co.kr/display/mc/product/10033026?with_code=000155&utm_source=hsmoa_ep&utm_medium=cps&utm_campaign=prd_01_%EA%B0%80%EC%A0%84/%EB%94%94%EC%A7%80%ED%84%B8_10033026&utm_content=mo_schedule&hsmoa_userid=&hsmoa_code=moa
2026-08-16,일,21:33,밤 21-24,K쇼핑,T커머스,바디 프랜드,"바디프랜드 NEW 팔콘 마사지체어(월1만원대~, 항공권 총 1000만 추첨)",여행서비스,,http://m.kshop.co.kr/display/mc/product/10121100?with_code=000004&utm_source=hsmoa_ep&utm_medium=cps&utm_campaign=prd_01_%EC%97%AC%ED%96%89/%EB%AC%B8%ED%99%94_10121100&utm_content=mo_schedule&hsmoa_userid=&hsmoa_code=moa
2026-08-16,일,21:34,밤 21-24,쇼핑엔티,T커머스,바른투어,바른투어 태항산 5일 (NO선택관광+320불 상당 유료관광 포함+VIP버스),여행서비스,,https://m.shoppingntmall.com/display/goods/28487576?mediaCode=MC04&hsmoa_userid=&hsmoa_code=moa
2026-08-16,일,21:36,밤 21-24,ssgshop,미분류,가누다,"[삼성카드, 할인](단독/방송에서만) 가누다 블루라벨 피아노 베개 2개 세트 (+머리냅 1개)",침구,298000,https://m.shinsegaetvshopping.com/display/detail/1000787742?inMediaCode=MC02&ckwhere=hsm_live&hsmoa_userid=&hsmoa_code=moa
2026-08-16,일,21:38,밤 21-24,GS샵,TV홈쇼핑,글램팜,글램팜 더컬패키지 GP201미용실고데기+GP103CV핑크미니고데기+블랙파우치 3종모두 파격가,패션잡화,249000,https://m.gsshop.com/alia/aliaGate.gs?media=LGx&gourl=/prd/prd.gs?prdid=1105090167&hsmoa_userid=&hsmoa_code=moa&utm_source=nscreen&utm_medium=affiliate&utm_campaign=homeshopmoa
2026-08-16,일,21:40,밤 21-24,NS홈쇼핑,TV홈쇼핑,어부예찬,어부예찬 국내산 촉촉오징어 왕특대 8미(2미X4봉)+오징어채 1봉(50g),식품,89900,https://m.nsmall.com/gate?ptnCd=538&hsmoa_userid=&target=/goods/35661160&hsmoa_code=moa
2026-08-16,일,21:40,밤 21-24,롯데홈쇼핑,TV홈쇼핑,No brand names found.,보물섬투어 푸꾸옥VS나트랑 5일 패키지,여행서비스,,https://m.lotteimall.com/coop/affilGate.lotte?chl_no=171634&chl_dtl_no=2584694&returnUrl=/goods/viewGoodsDetail.lotte?goods_no=12917421&hsmoa_userid=&hsmoa_code=moa
2026-08-16,일,21:40,밤 21-24,현대홈쇼핑,TV홈쇼핑,No brand names found.,[NO옵션][4인 이상 풀빌라] 푸꾸옥 5일 or 다낭/호이안 5일 or 나트랑/달랏 5일,여행서비스,,https://www.hmall.com/md/pda/itemPtc?utm_source=homemoadata&utm_medium=cps&utm_campaign=sale&ReferCode=s61&slitmCd=2252626910&hsmoa_userid=&hsmoa_code=moa
2026-08-16,일,21:43,밤 21-24,NS홈쇼핑,TV홈쇼핑,유로 컬렉션,유로컬렉션 호주산 양모 후드 하프코트,패션의류,99000,https://m.nsmall.com/gate?ptnCd=539&hsmoa_userid=&target=/goods/36094450&hsmoa_code=moa
2026-08-16,일,21:45,밤 21-24,롯데홈쇼핑,TV홈쇼핑,AHC,★폴인레드패키지★ AHC 최신상 풀 리프트 아이크림 포 페이스 18통+체험분 2개+레드기초 2종(컨센트레이트+크림),뷰티,169000,https://m.lotteimall.com/coop/affilGate.lotte?chl_no=171633&chl_dtl_no=2584697&returnUrl=/goods/viewGoodsDetail.lotte?goods_no=12918051&hsmoa_userid=&hsmoa_code=moa
2026-08-16,일,21:45,밤 21-24,공영쇼핑,TV홈쇼핑,,강병원 한우투뿔 스테이크 130gx10팩,식품,69900,http://m.gongyoungshop.kr/gate/selectAliance.do?alcLnkCd=hsmoa&tgUrl=/goods/selectGoodsDetail.do?prdId=11929715
2026-08-16,일,21:45,밤 21-24,홈앤쇼핑,TV홈쇼핑,여에스더,[국민영양] 여에스더 PS 포스파티딜세린 10박스(20주분) + 카무트효소1박스,기타,89000,http://m.hnsmall.com/goods/view/82385304?channel_code=20397&utm_source=Hsmoa&utm_medium=AF&utm_campaign=TV_None_82385304&hsmoa_userid=&hsmoa_code=moa
2026-08-16,일,21:45,밤 21-24,현대홈쇼핑,TV홈쇼핑,t way,[비즈니스 클래스] 스페인+포르투갈 9일,여행서비스,,https://www.hmall.com/md/pda/itemPtc?utm_source=homemoatv&utm_medium=cps&utm_campaign=sale&ReferCode=s60&slitmCd=2252646544&hsmoa_userid=&hsmoa_code=moa
2026-08-16,일,21:45,밤 21-24,GS샵,TV홈쇼핑,코어 어센틱,코어 어센틱 26FW 릴렉스핏 블레이저,기타,89900,https://m.gsshop.com/alia/aliaGate.gs?media=LUz&gourl=/prd/prd.gs?prdid=1130177116&hsmoa_userid=&hsmoa_code=moa&utm_source=nscreen&utm_medium=affiliate&utm_campaign=homeshopmoa
2026-08-16,일,21:45,밤 21-24,CJ온스타일,TV홈쇼핑,원더 바스,레몬청 클렌저_허니&레몬 기본패키지(클렌저5+선크림2),뷰티,89000,https://display.cjonstyle.com/m/item/2084667231?infl_cd=I0482&utm_medium=pcs&utm_source=hsmoa&channelCode=30002002&chn_cd=30002002&hsmoa_userid=&hsmoa_code=moa
2026-08-16,일,21:45,밤 21-24,CJ온스타일,TV홈쇼핑,하이원,[2박 4인]하이원 올인클루시브 패키지,여행서비스,279000,https://display.cjonstyle.com/m/item/2086587845?infl_cd=I0101&utm_medium=pcs&utm_source=hsmoa&hsmoa_userid=&hsmoa_code=moa
2026-08-16,일,22:24,밤 21-24,W쇼핑,T커머스,히트 락,★트롯가수 김용빈 추천★에코센스 히트락 올트라이탄 밀폐용기 12종 +핸들형2.5L 2종 (총14종),생활용품,79800,https://m.w-shopping.co.kr/display/goods/25005677?mediaCode=MC56&hsmoa_userid=&hsmoa_code=moa
2026-08-16,일,22:31,밤 21-24,bshop,미분류,니카사,[니카사] (방송에서만)니카사 진공흡착 스팀다리미 시즌2,생활용품,198000,http://m.skstoa.com/display/goods/65902985?orderMedia=62&mediaCode=EP08&mediaTarget=001&utm_source=hsmoa&utm_medium=affiliate&utm_campaign=hsmoaoffair&hsmoa_userid=&hsmoa_code=moa
2026-08-16,일,22:33,밤 21-24,쇼핑엔티,T커머스,교원투어,[교원투어] 백두산 서파+북파 4일 (NO기사가이드경비/NO선택관광),여행서비스,,https://m.shoppingntmall.com/display/goods/28498463?mediaCode=SH04&hsmoa_userid=&hsmoa_code=moa
2026-08-16,일,22:33,밤 21-24,K쇼핑,T커머스,도미솔,[도미솔] 절구통 보리 포기김치 10kg,식품,49900,http://m.kshop.co.kr/display/mc/product/6764082?with_code=100315&utm_source=hsmoa_ep&utm_medium=cps&utm_campaign=prd_01_%EC%8B%9D%ED%92%88/%EA%B1%B4%EA%B0%95_6764082&utm_content=mo_schedule&hsmoa_userid=&hsmoa_code=moa
2026-08-16,일,22:33,밤 21-24,K쇼핑,T커머스,핏테라,핏테라 더블 무릎보호대 2세트,기타,49800,http://m.kshop.co.kr/display/mc/product/10190209?with_code=100315&utm_source=hsmoa_ep&utm_medium=cps&utm_campaign=prd_01_%EC%8B%9D%ED%92%88/%EA%B1%B4%EA%B0%95_10190209&utm_content=mo_schedule&hsmoa_userid=&hsmoa_code=moa
2026-08-16,일,22:36,밤 21-24,ssgshop,미분류,여행의신세계,[여행의신세계]여기어때 장가계 5일 2대야경+5성급호텔 4연박 299천원/399천원,여행서비스,,https://m.shinsegaetvshopping.com/display/detail/1003096009?inMediaCode=MC02&ckwhere=hsmser&hsmoa_userid=&hsmoa_code=moa
2026-08-16,일,22:38,밤 21-24,GS샵,TV홈쇼핑,내셔널 지오그래픽,내셔널지오그래픽 오르비스 캐리어 여행가방세트,패션잡화,328000,https://m.gsshop.com/alia/aliaGate.gs?media=LVA&gourl=/prd/prd.gs?prdid=1104624969&hsmoa_userid=&hsmoa_code=moa&utm_source=nscreen&utm_medium=affiliate&utm_campaign=homeshopmoa
2026-08-16,일,22:40,밤 21-24,롯데홈쇼핑,TV홈쇼핑,베리 타 코리아,*옥스클로즈 후드 트렌치 코트 (81041851/ 81041861),패션의류,1590000,https://m.lotteimall.com/coop/affilGate.lotte?chl_no=171634&chl_dtl_no=2584694&returnUrl=/goods/viewGoodsDetail.lotte?goods_no=12919613&hsmoa_userid=&hsmoa_code=moa
2026-08-16,일,22:40,밤 21-24,현대홈쇼핑,TV홈쇼핑,,베스트넛츠 프리미엄 견과 100봉 (20g x 20봉 x 5박스),패션의류,89900,https://www.hmall.com/md/pda/itemPtc?utm_source=homemoatv&utm_medium=cps&utm_campaign=sale&ReferCode=dm1&slitmCd=2238849307
2026-08-16,일,22:43,밤 21-24,NS홈쇼핑,TV홈쇼핑,[No brand names found.],프리미엄 오한진의 백세알부민 1박스(30병),기타,129000,https://m.nsmall.com/gate?ptnCd=539&hsmoa_userid=&target=/goods/36072198&hsmoa_code=moa
2026-08-16,일,22:45,밤 21-24,NS홈쇼핑,TV홈쇼핑,쿠쿠,쿠쿠 인스퓨어 미니100 초소형 정수기(CP-AMS100EWH),가전,,https://m.nsmall.com/gate?ptnCd=538&hsmoa_userid=&target=/goods/36087001&hsmoa_code=moa
2026-08-16,일,22:45,밤 21-24,CJ온스타일,TV홈쇼핑,락포트,NEW 에어로컴포트 스니커즈 (여성),패션잡화,109000,https://display.cjonstyle.com/m/item/2082065352?infl_cd=I0482&utm_medium=pcs&utm_source=hsmoa&channelCode=30002002&chn_cd=30002002&hsmoa_userid=&hsmoa_code=moa
2026-08-16,일,22:50,밤 21-24,공영쇼핑,TV홈쇼핑,명진,"[명진] 손질통오징어 100g×20미 (1팩/2미, 총 10팩)",식품,39900,http://m.gongyoungshop.kr/gate/selectAliance.do?alcLnkCd=hsmtv&tgUrl=/goods/selectGoodsDetail.do?prdId=11943482&hsmoa_userid=&hsmoa_code=moa
2026-08-16,일,22:55,밤 21-24,롯데홈쇼핑,TV홈쇼핑,쿼드 쎄라,[풀패키지구성]★최신상★쿼드쎄라 펜타 기기+포헤르츠 마스크젤 80g*3통+포헤르츠 히알라겐 버블 세럼 70ml,뷰티,870000,https://m.lotteimall.com/coop/affilGate.lotte?chl_no=171633&chl_dtl_no=2584697&returnUrl=/goods/viewGoodsDetail.lotte?goods_no=12917134&hsmoa_userid=&hsmoa_code=moa
2026-08-16,일,22:55,밤 21-24,홈앤쇼핑,TV홈쇼핑,지프,[JEEP] 26SS 남성 면팬츠 2종,패션의류,39000,http://m.hnsmall.com/goods/view/73438528?channel_code=20397&utm_source=Hsmoa&utm_medium=AF&utm_campaign=TV_Fashion_73438528&hsmoa_userid=&hsmoa_code=moa
2026-08-16,일,22:55,밤 21-24,현대홈쇼핑,TV홈쇼핑,사포니피치오,[이탈리아 피렌체 직수입] [8/11 통관 최초 공개] 사포니피치오 피렌체 리퀴드 솝 더블 패키지 (6병),기타,159000,https://www.hmall.com/md/pda/itemPtc?utm_source=homemoatv&utm_medium=cps&utm_campaign=sale&ReferCode=s60&slitmCd=2252672074&hsmoa_userid=&hsmoa_code=moa
2026-08-16,일,23:15,밤 21-24,CJ온스타일,TV홈쇼핑,더엣지,폭스퍼 헝가리구스 롱다운,패션의류,159500,https://display.cjonstyle.com/m/item/2069751540?infl_cd=I0482&utm_medium=pcs&utm_source=hsmoa&channelCode=30002002&chn_cd=30002002&hsmoa_userid=&hsmoa_code=moa
2026-08-16,일,23:24,밤 21-24,W쇼핑,T커머스,케라셀네일,[오직 방송에서만] 케라셀네일 손발톱영양케어세트 (본품 3개 + 풋크림 1개),뷰티,69900,https://m.w-shopping.co.kr/display/goods/24460291?mediaCode=MC56&hsmoa_userid=&hsmoa_code=moa
2026-08-16,일,23:31,밤 21-24,bshop,미분류,플루,[플루] (최대용량)슈퍼비타 스크럽 바디워시(500g*5 + 200g*2),뷰티,59900,http://m.skstoa.com/display/goods/63759397?orderMedia=62&mediaCode=EP08&mediaTarget=001&utm_source=hsmoa&utm_medium=affiliate&utm_campaign=hsmoaoffair&hsmoa_userid=&hsmoa_code=moa
2026-08-16,일,23:33,밤 21-24,쇼핑엔티,T커머스,라이나생명,라이나생명 (무)새로담는간편건강보험(해약환급금미지급형_갱신형)(신세계상품권 3만원),여행서비스,,https://m.shoppingntmall.com/display/goods/28403851?mediaCode=SH04&hsmoa_userid=&hsmoa_code=moa
2026-08-16,일,23:33,밤 21-24,K쇼핑,T커머스,GGPX,[론칭가699][GGPX] 26SS 글리터 후디 셋업4종,패션의류,49900,http://m.kshop.co.kr/display/mc/product/8670532?with_code=100315&utm_source=hsmoa_ep&utm_medium=cps&utm_campaign=prd_01_%EC%9D%98%EB%A5%98/%EC%96%B8%EB%8D%94%EC%9B%A8%EC%96%B4_8670532&utm_content=mo_schedule&hsmoa_userid=&hsmoa_code=moa
2026-08-16,일,23:33,밤 21-24,K쇼핑,T커머스,코오롱,코오롱모빌리티그룹 신차장기렌터카(상담) / 배민 총 500만원추첨,여행서비스,,http://m.kshop.co.kr/display/mc/product/10372008?with_code=100315&utm_source=hsmoa_ep&utm_medium=cps&utm_campaign=prd_01_%EC%97%AC%ED%96%89/%EB%AC%B8%ED%99%94_10372008&utm_content=mo_schedule&hsmoa_userid=&hsmoa_code=moa
2026-08-16,일,23:37,밤 21-24,ssgshop,미분류,닥터,[삼성카드][단독! 최신상!] 닥터3 엑소좀 리페어 글로우 팩트 (본품10g*2개 + 리필10g*3개),기타,62900,https://m.shinsegaetvshopping.com/display/detail/1000789736?inMediaCode=MC02&ckwhere=hsmser&hsmoa_userid=&hsmoa_code=moa
2026-08-16,일,23:38,밤 21-24,GS샵,TV홈쇼핑,테이핑테크,테이핑테크 슬개건 보호대 2세트,기타,39800,https://m.gsshop.com/alia/aliaGate.gs?media=LVA&gourl=/prd/prd.gs?prdid=1104374623&hsmoa_userid=&hsmoa_code=moa&utm_source=nscreen&utm_medium=affiliate&utm_campaign=homeshopmoa
2026-08-16,일,23:40,밤 21-24,롯데홈쇼핑,TV홈쇼핑,질경이,★더블/8박스★ 질경이 이너케어 3개입 x 8박스(박스 구성 內 무료체험분 1개입 포함)+페미닌 티슈 2팩,기타,89000,https://m.lotteimall.com/coop/affilGate.lotte?chl_no=171634&chl_dtl_no=2584694&returnUrl=/goods/viewGoodsDetail.lotte?goods_no=12864749&hsmoa_userid=&hsmoa_code=moa
2026-08-16,일,23:40,밤 21-24,현대홈쇼핑,TV홈쇼핑,엠베스트,[메가스터디교육] 엠베스트 중등학습 상담예약,패션의류,,https://www.hmall.com/md/pda/itemPtc?utm_source=homemoadata&utm_medium=cps&utm_campaign=sale&ReferCode=s61&slitmCd=2108902665&hsmoa_userid=&hsmoa_code=moa
2026-08-16,일,23:43,밤 21-24,NS홈쇼핑,TV홈쇼핑,No brand names found.,보람피플 스마트299 가전+상품권,여행서비스,,https://m.nsmall.com/gate?ptnCd=539&hsmoa_userid=&target=/goods/36093087&hsmoa_code=moa
2026-08-16,일,23:45,밤 21-24,CJ온스타일,TV홈쇼핑,Cacharel,"[최초가 79,900원] 26S/S 시스루 스팽글 케이프니트 3종+캐미솔 세트",패션의류,39900,https://display.cjonstyle.com/m/item/2078850932?infl_cd=I0482&utm_medium=pcs&utm_source=hsmoa&channelCode=30002002&chn_cd=30002002&hsmoa_userid=&hsmoa_code=moa
2026-08-16,일,23:50,밤 21-24,NS홈쇼핑,TV홈쇼핑,No brand names found.,(이태리직수입)마이베스트백 자카드백(라지),패션의류,349000,https://m.nsmall.com/gate?ptnCd=538&hsmoa_userid=&target=/goods/36065694&hsmoa_code=moa
2026-08-16,일,23:55,밤 21-24,롯데홈쇼핑,TV홈쇼핑,[No brand names found.],★최다구성★☆한창서패키지☆ 독일 직수입 슈라멕 블레미쉬밤 클래식 30ml 4통+♡리뷰시♡ 본품 1통 더+체험분 2매+브러쉬+파우치+퍼프,패션잡화,198000,https://m.lotteimall.com/coop/affilGate.lotte?chl_no=171633&chl_dtl_no=2584697&returnUrl=/goods/viewGoodsDetail.lotte?goods_no=12919066&hsmoa_userid=&hsmoa_code=moa
2026-08-16,일,23:55,밤 21-24,홈앤쇼핑,TV홈쇼핑,홀베리,[방송에서만 50%] 홀베리 유기농 레몬즙 12박스(168포),식품,99900,http://m.hnsmall.com/goods/view/82190979?channel_code=20397&utm_source=Hsmoa&utm_medium=AF&utm_campaign=TV_None_82190979&hsmoa_userid=&hsmoa_code=moa
2026-08-16,일,23:55,밤 21-24,현대홈쇼핑,TV홈쇼핑,현대해상,현대해상 두배받는암보험,여행서비스,,https://www.hmall.com/md/pda/itemPtc?utm_source=homemoatv&utm_medium=cps&utm_campaign=sale&ReferCode=s60&slitmCd=2206929114&hsmoa_userid=&hsmoa_code=moa
2026-08-16,일,23:55,밤 21-24,GS샵,TV홈쇼핑,해리메이슨,해리메이슨 플러피백 4종,기타,99000,https://m.gsshop.com/alia/aliaGate.gs?media=LUz&gourl=/prd/prd.gs?prdid=1133197288&hsmoa_userid=&hsmoa_code=moa&utm_source=nscreen&utm_medium=affiliate&utm_campaign=homeshopmoa
2026-08-16,일,23:55,밤 21-24,CJ온스타일,TV홈쇼핑,라이나 생명,[방송 중 상담만 받아도 혜택] 새로담는 간편건강보험_심플건강보험,여행서비스,,https://display.cjonstyle.com/m/item/2090807117?infl_cd=I0101&utm_medium=pcs&utm_source=hsmoa&hsmoa_userid=&hsmoa_code=moa
